image,target,oof_pred
tfymlmdkpzkqdjhdxyhnoeuqszxphw.jpg,0,0.030019789934158325
rxgismgsvmaayzjarbfjaljhqmpbrt.jpg,1,0.6321673393249512
uuzshfrhkgrkolhwdvliqauzulurnz.jpg,0,0.04190047085285187
mjspxsagzusaznvnyxgamtrlqkqklp.jpg,0,0.016558503732085228
rlbmuajgezfiddjzlyeoupxpqubkpt.jpg,1,0.7922786474227905
ngvvhadzegowlxligtftkbucwyphvw.jpg,0,0.022364068776369095
qlwbzgvdyqwncrvqzaezrrqlwuugdp.jpg,1,0.9679890871047974
lbbmpcbdwgdbskcdmsanklchyknuig.jpg,0,0.02365832030773163
xgpvctqkxpuljjixphprbdrkcuzfoi.jpg,0,0.10401774197816849
tszmhququgjczggoxanwvdlzbdbxhb.jpg,0,0.0
qvqhxwbgpskanqpsfbigdmbpkenvgk.jpg,0,0.019347509369254112
eqirckpknxclvrlxvfxaswsodbxlmm.jpg,1,0.982859194278717
yoewqnzdgdhogcwdageakflfeogisq.jpg,0,0.0
hpnmywojyjwgptgkflzydzenfxbtlr.png,1,0.9654833674430847
dnzimlvqpkwyhmsdwqwpuewzbdqzmg.png,1,0.8992282152175903
hcysrvramduefsgkkgvqbmxzlodgal.jpg,1,0.9767870306968689
spdcmncwcnpqagxrlivyldeknnfcvr.jpg,1,0.0
zaemovvkdftxvorancdugwjzuodbmm.jpg,1,0.9943938255310059
uvpqnqfujwsxhbgvfbvcidhcqnyuum.jpg,0,0.11241243779659271
kzgroxmxsdfrkxusymupjaxumbwoow.jpg,1,0.9870761036872864
cjsjioqkweumqcnobaydijuvfvtrel.jpg,1,0.9837445020675659
iehmewhtlomanneoicvbyjonzzcbhh.jpg,0,0.08882006257772446
uiclughuenqkjonhhjgjclflpqkhsk.jpg,0,0.031039327383041382
hfbevhhmejjmdndclkpyeyaideyjgp.jpg,1,0.9869629740715027
pmociluihyptefnqdlihzzodiczkso.jpg,0,0.043108608573675156
qkishcozhztulvrhvodbabprxomeuq.jpg,0,0.08378611505031586
gvpxmmxppqjudjgopzedpjxypiptvv.jpg,1,0.9808277487754822
puqorndzkjfvoumnsalrxwtagkatzx.jpg,1,0.0
onyffqwtwwbgvwxhhvfypoauswcodw.jpg,0,0.027875171974301338
dpdeuxtkwvguedrtkxpoqhlzmaaprz.jpg,1,0.9606109261512756
euaxozalqcqmhzyvxpiihzcvfzpcub.jpg,0,0.1277725249528885
iyfvcbwzfaqgyhucpjkjarokthoxrk.jpg,0,0.10767541080713272
jmhkcysyccbltidbhhulrfrcuskgbj.jpg,0,0.029324736446142197
rnacbrzxyufipfgizhczrdynwxgroe.png,1,0.7777541875839233
ctphrbatrhaucvhkjbiocaaohfzctt.jpg,0,0.023241665214300156
sveewpluezhyjjgpmvtpwbgollpmwp.jpg,0,0.05555234104394913
sbeuyukmnjgyeaerbjcykdevmjtkpb.jpg,0,0.10364431887865067
vplmaqntbpbvyyoqixjdvtipaqazjq.jpg,0,0.0687989890575409
gdhzlcfqsexrthbxdmldnxorvyonua.jpg,1,0.0
fingxvtrgywssidapmeibojfikcrlv.jpg,0,0.04702998325228691
xqpenvrsqzvtxzfyrfcdezrzrrzysb.jpg,0,0.016791462898254395
vlcapgrrgkzxaanjypqcqdpbmiookm.jpg,0,0.0
jznokamxqbgrgbqmtnmgelssgyaseq.jpg,0,0.07300935685634613
ukidlyglhjokzipbptpwiprxemvcje.jpg,1,0.9416089057922363
hzgmturbntrerjscgioxywsfaayuaa.jpg,1,0.9452719688415527
rehiddykktnnhwzupyadebpfdryvck.jpg,1,0.9539534449577332
eouybnsapmsazlkxozskmiobmzezts.jpg,1,0.9791079163551331
seukgcqtzivrfrmwkiptgtqqlrujvx.jpg,1,0.9872995018959045
yqkmdiiogltaqdrprelrqditsdznbc.jpg,0,0.050174739211797714
dhehiouqegpspfnclnohhsebenkdoj.jpg,1,0.8751534819602966
vxlghbeedbdqrcvqdeyptghcfekuta.jpg,0,0.028187699615955353
bahdwupocidtwpmrhpwdkpdgysdpss.jpg,1,0.942520022392273
eplqsimumlncrsppcvakbcztbqgjkx.jpg,0,0.07517323642969131
sucwpndvjowyselnhnlehcnvwnkgxr.jpg,0,0.12990222871303558
jsioghmkkmygqjzjykjiudwknttntz.jpg,0,0.0
awhhryrsvjdvwoncwmfdvoswcfzgou.png,1,0.92388916015625
ofuvedftjsveczvitdzofbgtlqjezl.jpg,0,0.0
mzbnflvlipwxvzzcyrhphjjuqosdws.jpg,1,0.9744960069656372
hykvvhqnuhxgjbtzbllxpdvjxkjkox.jpg,1,0.952174186706543
qmlmfjegeachhaaeifxoatlmkoaacd.jpg,1,0.9857973456382751
ccglfyhcakkzwlaufiuuabxhurdbso.jpg,0,0.0
uouhrvydvzwjhdidtrnbfoqcmutnnw.jpg,0,0.10905876010656357
bcjtxzwosngtmfmhqjpwukughmymbg.jpg,1,0.5260896682739258
ablhcfuyqnkcanakxmpreufqycpgqs.jpg,0,0.010956150479614735
ysttordljlmrdwshtbvifcuvbydeib.jpg,1,0.9279949069023132
embrjjkivqljstbjxqealmnaikwuxr.jpg,1,0.0
gvuvnlfasuyymmwljewpzgkmpaohrg.jpg,0,0.05483229085803032
nyfeanbdpmwuzrvfzpdlonfwdecpqf.jpg,1,0.9726915955543518
swaqwcqegdlzeqtkhduvjassjpgskw.jpg,0,0.030326956883072853
vyldpdmxxktxmgjuercfvuhmlttvqb.jpg,0,0.0
hnkqokgieyopckjbaenpdmgnpntnzz.jpg,0,0.07791326195001602
stjfpwlmjugoohoeqvaoebagvubysc.jpg,0,0.0
azgujihjrssbfelgjrhcrebstgmqau.jpg,1,0.26954805850982666
lxdnuiynpuaqxlxtcyptuyyanaovux.jpg,1,0.5909159183502197
ycjycyfacirnrqpeuddgyaxamspjvz.jpg,0,0.0
iqrdqqjwyzbxigmpjoyizdbzxwywfy.jpg,1,0.9670335650444031
uflvwsbylljniplogotuxdtvjizuwg.jpg,0,0.010343707166612148
lvitvjvycvoytxlzlwgvypuhvpslip.jpg,0,0.03206811472773552
jneoqlrtawkpizfdhneqplgiayqcpk.jpg,0,0.0634167492389679
utzvwqquncnaoturaibrafowtoszck.jpg,1,0.9768546223640442
slpzcushaybmsibhkvcwyzfmxcsgkd.jpg,1,0.9259709715843201
cnyjqachaoirjtlwuvfmhuseblqzty.jpg,1,0.9753158688545227
fapilwermttlugsicjndwiipuorfvh.png,1,0.7009605765342712
wbkyhzfxathhiyipzpkzotbknnulnz.jpg,1,0.9395912885665894
uqersobkusawmkpnxmeppqpydmswpc.jpg,0,0.11443594843149185
beawbpzupyaqkmkezucjpdqahqybxx.jpg,1,0.0
fstuusiywhuxkcqlgiunxqbbthjcjb.jpg,0,0.03860310837626457
bmhlecdnfmddqxlykcvgjckrpgpppo.jpg,1,0.9640311598777771
lexnlsmwaporqkigwsjrnmmakgjddm.jpg,1,0.9646701812744141
efmhnpqnpslwrheitqwdjiggqvjzqq.jpg,1,0.9079627394676208
brskgxgxzricfzbtutpmakgmbkeiry.jpg,1,0.9333863258361816
pqugtagfwxxcznsbiuymvdafrbbvub.jpg,1,0.0
eyfruosenrvdfoaeonbxkwajgumlso.jpg,1,0.8481143116950989
aznaeyueexqslcxxsdjtmhlxvaqfqe.jpg,0,0.0
xrgkcgvfxedwmzjcxertwhrabzyfek.jpg,0,0.023289315402507782
mshiwmufbboxbmqnxxnkvduycxqxpw.jpg,1,0.0
fgftnknjgcslhmzvgzyevuwbjvmolz.jpg,1,0.0
dkdsvadunhgyrbvvkqmxngleibpbvl.jpg,1,0.9581339955329895
gqyiqggsgtqtmwpjtctzgajzbxlebs.jpg,0,0.058449920266866684
rrhknnbadttjkterflybfedarbxwxk.jpg,0,0.0672016367316246
vszafuemtbxcbdkwiconlqqgehnpek.jpg,0,0.9066243767738342
syidwhoemyurceerefjrdqsnvuoedf.jpg,1,0.9796027541160583
pkvwddkwgdaqwemevcgdcsyklycgyi.jpg,0,0.022705288603901863
lcbiefkxtcoogzfkkbuzmjpjseaebq.jpg,1,0.9412774443626404
bumetltzkxhqikkcvtewednjvxkdxt.jpg,1,0.9831563830375671
azhnlhylrgishwltvtvjwwddqpkbje.jpg,1,0.9857591390609741
zjpbqkpsiabpddevrrmmndvbinjutk.jpg,0,0.07148699462413788
zcxjtwmxqsdhgnoyscwzakmrxvyjcw.jpg,0,0.0
lfnymioyxniwuwtygcnjdwkjsvxhmh.jpg,1,0.0
srhdxrxecwclnlkxjkpkfkppemyapl.jpg,0,0.08472370356321335
gzgiwpkzpxvezrswkevtepwikkkleq.jpg,0,0.0
cjdycjgptonhopomfjmycbfswkfahz.jpg,0,0.06225821375846863
nolhvpfsjjwhuwpelqsbxynlzzryfy.jpg,0,0.028919564560055733
yozhlehavjvknybfuhavqvtflhfgnb.jpg,0,0.0
kitsyjvhlfnxphzzcjmyangveqzams.jpg,1,0.0
kprijurvnzbfnrdawwycboxdnvpfqv.jpg,1,0.9791770577430725
mynnjdjhlxqptwvfxdwdjvxegabhzd.jpg,0,0.040432773530483246
dmxqloymxorkvxpgnitpmpuosewzhw.jpg,1,0.9836674928665161
wftdonqpkxawrohepkiobwmkhnkgtq.jpg,1,0.993344783782959
aamrmacbsylkbahdhvcfmeqvgyjopc.jpg,1,0.9838930368423462
ngindczbczghlbprdcypuesbqtcmbb.jpg,1,0.9536915421485901
rtccxhqclbisjkpfsdsidtgufqcmzf.jpg,0,0.007363137789070606
bpsqgullbohggorgbajkjoktqvkapv.jpg,0,0.13550278544425964
snmtnjbctzypzyowulzrjigrvealkd.jpg,1,0.0
kxffsezqghgudspenhfvfncosyhhob.jpg,0,0.05004679411649704
ufxviypazuqrnpgsdicdpuhxngbusk.jpg,1,0.8819020390510559
knpmsdjjupafsfktgfkvighqgvqwbj.jpg,1,0.12872272729873657
uumdctaoqxedwurlpasaemsuwaarcc.jpg,0,0.1531253159046173
uctayocprzifcynfyffttsnjpmeorn.jpg,0,0.1346885859966278
eqwpusalrfwfmvgdlowponrletetye.jpg,0,0.0
kzwgnxvlaqdtskemzyailcwqtknjvy.jpg,0,0.02926202490925789
zarkelwgccbevnpntosdonodvknyca.jpg,0,0.0439547523856163
txoznnnsfdzlrlfbfityvsnyhueecc.jpg,0,0.02634827047586441
gasebinrzzlngekakwjbrajmnslllv.jpeg,0,0.5277381539344788
xqdmuacwizwbjuohxxgwkvyoqwxyep.jpg,0,0.04243937507271767
ylgyltxagvhsmfcawnzdubhlrnscmw.jpg,0,0.060179464519023895
gmmctpebnxdfvykbiasvvtcshrljkm.jpg,1,0.9798569083213806
kdbdyiqloxitodahlvstmxkqvlpgtj.jpg,0,0.033366795629262924
memdyczsqlrlaywtweayfqkfooutrc.jpg,0,0.0
rrrhcduxrxxaxqulttmpozxxprkcnm.jpg,0,0.24708101153373718
btxlkthqwakcphyrimpedjjyxfgaey.jpg,0,0.08148646354675293
xynhxtqglficaxzblmtggbwrmwhxid.jpg,1,0.8423754572868347
augqgteilmkcvkahfvognxdnegfkqh.jpg,1,0.9175047278404236
klgavzoztlcdugackgmjfvkptmzaaf.jpg,0,0.007041155826300383
oyelzxrdyefofcyveazssrcbkjdeml.jpg,1,0.9273961782455444
uloxavduwqpdmzwdmtyqbynukljvzo.jpg,0,0.043074797838926315
iqapowpcfoltnvxctelhwlqroknssd.jpg,1,0.7622237205505371
sylgsucyayhotkvwdqjbmlanzvsrym.jpg,1,0.9815327525138855
syfjyaditohtaxhsvfxfcvseqbmeya.jpg,1,0.8514732718467712
izgyqexjdgyxyelbuoyefqzpjqxhzd.jpg,0,0.0
fdbhnkispxlueshxexbfvmlwmyyudb.jpg,1,0.9323686957359314
rianjvcfmoabzwbupwinprubwbussr.jpeg,0,0.3603343963623047
wniqycuybwrxtepmmbziebuyxxrbsu.jpg,0,0.010740055702626705
awztldxsdhvpliitmxpmnaxbhcwixc.png,1,0.0
hmxlvorxckkvgfoilmkjcqopybnyxc.jpg,0,0.007478322368115187
zkqrcnoehtkudvxaaljjvudmwulurn.png,1,0.9172107577323914
dfqkkbuzpttzniwjarlmkhbxsdouoo.jpg,1,0.0
humhrwpblbiknlpjhpqwiwlqlujsat.jpg,1,0.9346476793289185
atywjyglemsgynxsvkjfmtmfmizfbd.jpg,1,0.9847315549850464
idzcsuscitfkvavpondzbzedeexnkl.jpg,1,0.9461970329284668
whnxfhywbdrtjhlxruqxdkiyacmmut.jpg,1,0.0
mdozhuqmfaaadkupgglsopycnsjvbc.jpg,1,0.8846086263656616
lwjwlmveemcgzsnugqxbyflcaydqij.jpg,1,0.0
kdlgkrztwbnfdwllyppfqiuisybkca.jpg,1,0.9924057126045227
onulkylxwphnvtitwdflxctukzbxmb.jpg,0,0.03383656218647957
xnmqcenjtxcygxztcjewynbtpczrlm.png,1,0.0
khdcliwjetecvwebzsjggjweptxhab.png,1,0.9791966080665588
tuavqrwbvuiiquwvuqtxyhmggoqajy.jpg,1,0.9753467440605164
gkyjkeedaemohdobanmdzbibahhdkk.jpg,0,0.03687363862991333
gglpwfczlsqndffskujhufshlgfzqp.jpg,1,0.9080551266670227
qapxcqfrgijwglglflejcbunsraccx.png,1,0.9250341057777405
eyzpghuongisnbaqoireqbizfxffgg.jpg,0,0.030083755031228065
ntggzagrsbptwzioinxojyzfredhne.jpg,1,0.946230411529541
goqvtxrmmybbdrlchmzknkpkikevck.jpg,0,0.10746748000383377
daojyiptizhycqshksqlpxqsnyxplk.jpg,0,0.006169816479086876
wyhxqmozvunxrqsqglhqqltfetydks.jpg,0,0.00780165009200573
xuwjsmyeocmdzyfdrfihgpidzainpg.jpg,0,0.09232059121131897
pmwuvrgtczywvejtxppkhclzhtgdbc.jpg,0,0.0
ycfdcxuyjfrmdduckgbhndndkmwund.jpg,0,0.010719451121985912
vsoarmucnvclvlqggmogjygdwxmevm.jpg,0,0.04323084279894829
wgorjgqlvosnettfjuhkqopzqdsrzn.jpg,0,0.042509544640779495
erlikrotyjjkqbrapvknuabpsmaewf.jpg,0,0.0
bryydceebocakswstrbehhcavohezb.jpg,0,0.0
rdiupmntxodhniflujupeghdthrkno.jpg,1,0.9328011274337769
mebismqkzkqqhhyeyufzwufifxkvgh.jpg,1,0.9826861619949341
cnhpwvnrhpynjtzaqywhjzmealvepr.jpg,0,0.09283551573753357
ekmlxxoresvqgdmowrfbpzgwrfjbhk.jpg,1,0.9753984212875366
ioxptdqzysfomhodpsypfeyoopumwg.jpg,1,0.9157057404518127
lrdurzwbgictzuceuaewbamqnfhbrq.png,1,0.8654093742370605
tbqoerqumsbyqligihafzerivmrjvj.jpg,1,0.8419413566589355
lwdnrpyfvdowhgftrbjzkbjgihcfrm.jpg,0,0.031766410917043686
votbkwfladhpqytknoggxfmmfmosyb.jpg,0,0.028477752581238747
hzvudjfpugxukalkspxmtuxibfjixr.jpg,1,0.9865206480026245
lwmdzzsaiixwqpkenspvmwbagjihmt.jpg,0,0.0
rbtaseskopjcawwxcolgohkunftmop.jpg,0,0.04147626832127571
mmcdwnrfqloagorzowwuhshdkqnqwi.jpg,1,0.0
ahswlzuhcgpyjumleocamsdiulqqlj.jpg,0,0.08415790647268295
ucjdirlyvruulxlqwujltutkkusvmg.jpg,1,0.9893605709075928
cvcakuzugpciyrleluofjxfnyitkpp.jpg,0,0.015525736846029758
ljioypzxsayfzmpzbdzksjtwgebsig.jpg,1,0.9016851782798767
njrssmehjwaofuatvwtfbmqawuhyyx.jpg,1,0.9478557705879211
tyjketzmddoqeyperybgkylbvgfgjf.jpg,0,0.02238144353032112
huiiwjaunysepgwhcuunzfzsxrtoyz.jpg,0,0.06216225400567055
rlavyoidildcmfmjxtuwmnrcsvcxtv.jpg,1,0.0
rpsyomvfelvtgcuwahmjpzzajzsbxb.jpg,0,0.0
mcabddclpgpdhsmbbhxcxjvmetthjh.jpg,1,0.9728050827980042
qzapjaioinobcjxrgrwixsdzkfdfhp.jpg,0,0.04349205270409584
xrdqshulknhxmjvvtkeexsfxocfoxl.jpg,0,0.07354485243558884
xaldeoupzbrardnvwkjqgysgscnphw.jpg,0,0.0878809317946434
ppjjkxzjbdwgtabruxbuoaozygcbpt.jpg,1,0.9522716999053955
wtmvoqstegmdmmkewhumavgdggpoek.jpg,0,0.0
scinyegbsxvszgingldfiggswajhji.jpg,0,0.05043509602546692
nkqxnxrgfurdeisgzhkalmatlrdxxl.jpg,0,0.012197613716125488
fycejvqxgxkxwoisphftuwvqheqori.jpg,1,0.8778936862945557
cjzsootzherxxbjigvhtuywulkizoj.jpg,1,0.9724993109703064
ajobyfcipqvzgtddqywsphgtewgdrx.jpg,1,0.0
zvwtedjjyxckozhbknswxqynebmkeb.jpg,1,0.0
mzmafkljixvydxyqaosrmzslszvikn.jpg,0,0.025721557438373566
cptrylokoqvforyrunlffjjxtfefyu.jpg,0,0.014596721157431602
yyjdtnkxdhpuycghpnzxtwxfctxljf.jpg,0,0.06364487111568451
cbiddxjkuflcqhqbzesnsbjaljwlxj.jpg,1,0.936356782913208
llpjfwbbvwvhfrnxgizgjtuzmoanvz.jpg,0,0.0
xqlhqrdayrmvhatrqxosemhrwrqpcx.jpg,0,0.04831329360604286
cporvbdxoqrfixolhjekytjjhfaxak.jpg,1,0.9659863710403442
chmzrwqfqjxakeopoegnmpacmeomri.jpg,0,0.022175028920173645
gngoauwyvtrnomekbcbhqmrfcubent.jpg,0,0.3288087546825409
xtbhorlqannjmjkqntazwodlsjzofd.jpg,1,0.9528157711029053
rotqjlfvovubyjuxqzwgpyusyitmof.jpg,0,0.08234311640262604
rfhdqnmawaphrfwnpfxitmxbzjppxl.jpg,0,0.0
kqymrnopfkwvtkjaatnzkyreiprmns.jpg,1,0.9528610110282898
owhmxfkbmwrpclupbcwpqrjgzajhjr.jpg,0,0.0654197558760643
jjeydmpeiumltwggrauihdyjijkear.jpg,0,0.0
prgpqwhfezochfstkmllzxramdcgdc.jpg,0,0.058880846947431564
sydvpghajgyffkujckrbjuhmcxmmjt.jpg,0,0.0
sbcnvulixmcbjezgosfkshdcsbovtb.jpg,1,0.9850015640258789
fbapxijsbxkhhukxpbdhhujxetoqsu.jpg,1,0.9736184477806091
djzdqczfwvrsxvdevsnilzqmtmepjx.jpg,0,0.05879787355661392
kotklhjvdxxfwcjfaeienjtzcdllyn.jpg,0,0.07604168355464935
coqliuutcrbvczilweljtcvjsonnmr.jpg,1,0.9698577523231506
auykulkvfqecycisekctygdvygjhrc.jpg,1,0.9510265588760376
iqfdzqvlknbkzeecldpilnfphuvkpb.jpg,0,0.07438628375530243
tmirwwzjdugzeynzmzomdkorexluiu.jpg,0,0.0
rwefzxdnwnkvashdcnnusjfhdkiecv.jpg,1,0.9412654042243958
lajopjzalvfqgevcmemscyzrmtbreg.jpg,0,0.0
hclashbzvbpoddhniowbyasrkaiwlo.jpeg,0,0.0
hqekuvpyyasgcjhbkttdepbndlinmy.jpg,1,0.9797767996788025
uxydkggabzowknogwrfvrtputpjdjd.jpg,0,0.040505021810531616
mkastywzworowdxeuctnhvbhwcjlcn.jpg,0,0.030025484040379524
tslxepigefkmddeykwqaewrygtslwr.jpg,1,0.9124041199684143
ogtkupzlrvufiponfimdpeocnxhvpk.jpg,1,0.7988161444664001
fusqppukkoqlzlqylwaoenicbulzhk.jpg,0,0.020815012976527214
nbmzvzwjridginemsejzgvvwkixniq.jpg,0,0.065541110932827
dneansozlgoktirzhykdooadkhiwhq.jpg,0,0.014446514658629894
jhhtcvigjostbkkgggaamtwzurnqer.jpg,0,0.0
fqkgmohcyrwitoufxpoovwogpciawl.jpg,1,0.618659496307373
lqllkwuuiizdblmgqvsumboutwycbh.jpg,1,0.0
niaxfkfesixkvwlpwonntlqqsbrjor.jpg,0,0.01511064637452364
utedtuuathvzhxpzxinudngjishbbp.jpg,0,0.033826980739831924
bpwzubqeojttiklnrskmqheackknsn.jpg,1,0.0
bhlaxcbmkuzxpudcoliyjwbjfgzped.jpg,0,0.12340345978736877
cnlmaezsbsykjrtguadjaevcaqhart.jpg,1,0.9832920432090759
ocvraqvlvcbftlvhemucifqrtkvxgx.jpg,1,0.9867772459983826
ihgmzyexcvpdzxsazmgbxqoyouzoaj.jpg,0,0.019204597920179367
yzatnbwsgrqvqpsnxslzyfkckvoepx.jpg,0,0.09345771372318268
ovvsvrvfrfspbyqyuqbiofwuvfconu.jpg,1,0.9783976078033447
pprrewdbyvocdowungzgnyvbgeehol.jpg,1,0.8247289061546326
izkfunqylvjvtyzxxvjzlggtjtijfi.png,1,0.9832881093025208
aveyxuohexvwmtgiqqldejobxhcbru.jpg,1,0.33211901783943176
aeoznpwjxjsawhiousrpjrxmeltnkw.jpg,0,0.09302016347646713
jgrkuacafspvvcpdxeydeicyldovsx.jpg,0,0.0768023282289505
gqmexiddrtuljtycctgadegzqycifc.png,1,0.0
qyqvkjizaxvsfcgnhurnzbzmoxbltz.jpg,0,0.004571759141981602
ikmfldaptchowfrgmzrgssiqkjicyw.jpg,0,0.02402196079492569
nhjvztqdqtiiriktdreonfvbborddu.jpg,1,0.9119695425033569
chayxrbgfnnnkqiyuwmyxonmkhzoya.jpg,1,0.0
dbiadtjlgrzzqoghwvdutgcmamwyle.jpg,1,0.0
gpjdwopftszmosweyaapcvnamyfxso.jpg,0,0.01029884722083807
hgnrxclaqbyniafndxadftlzibefwx.jpg,1,0.8919904232025146
khnpcxzfluxnhcqpxbyvibhuiomwuy.jpg,0,0.0163556020706892
qdyhvtfluuvbqutuvpwuppwpctglna.jpg,0,0.0
drmoebbhqisquqphavixhalrxqnxvi.jpg,0,0.03071318380534649
jbjvrhaagikcfvbsctykaqltvwdqrt.jpg,0,0.02723739854991436
weptoxstkbzacxhukduszypyhqxvbh.jpg,1,0.9276204109191895
ezpufvruyaycpcrcfuovbimxvhzcaw.jpg,1,0.9827799797058105
pucpmiivdyunxqjxigabqfqujjyyxs.jpg,1,0.9775577783584595
lwneqjfaulignkrnobdcadsciylmcq.jpg,0,0.06384983658790588
radafdaijhzgynzcvgpdiaqpddfwrp.jpg,1,0.9643563628196716
pvvzfihzishaquvkgqfxcftqqarcvu.jpg,0,0.013433512300252914
oinqmmowhtsqovexkrmiuvebkdifgf.jpg,0,0.04109895974397659
hpurkuyxligdvrhgbtibxzbmkbvvzc.jpg,0,0.0
gkkyvkssgzphtrubosqxyhkaihmixj.jpg,1,0.965041995048523
nqwmnhkbvuocjnjrcgnmnhjhhvqhec.jpg,0,0.0
atxgwqlbhmrkqcaxvuetfvhgauvcee.jpg,0,0.1329575628042221
onqlhirnckescbcbflsmyavmtzyoal.jpg,0,0.024644112214446068
qdwzxivuebjdrugykudddewkursusc.jpg,1,0.9555673003196716
pxugxdakuyebluqvwhhmtavlevehdq.jpg,0,0.09457430988550186
wfgfnxerjwwaocegncznfyaueygyiu.jpg,1,0.0
qnikpyngsxekcazlemvbfimnmrmwnk.jpg,0,0.025571724399924278
pbwavcntioittqeuygszeovrxnthay.jpg,1,0.9915743470191956
savapdstrnvxewmtqnwbqejymftyqe.jpg,1,0.9973467588424683
ahragsfmvjjtciuuzvgbuahoqpjkly.jpg,0,0.033828094601631165
qqagdvzvzvpdpelujmkvfcdcxrgans.jpg,1,0.9164221882820129
gzmchbgmbiwuyckveuenjgkutgaoqk.jpg,0,0.7519288659095764
mylvywurxdiisjkzjrzewghowfkpye.jpg,1,0.9294928312301636
aaqrdyfhhsdwjiykofhsexfdamezlk.jpg,0,0.08688241988420486
cnszgibvpzkbpwwypnwqckfjybvezl.jpg,0,0.0
qjdevwklwfzdkvwysyasxfpqmatcef.jpg,1,0.9005130529403687
dcpnflnvxiemwvoeztorrnhibjwfuf.jpg,0,0.17729151248931885
ayrhyxisagkltdwypeacrdwucsnues.jpg,0,0.0
vavfrsesqwyfzsyhsxqgelkjfbpznz.jpg,0,0.0
riksngucvkfwkyahrmlczjyasojvwo.jpg,0,0.009211402386426926
wfgjfivjkiitifofauuaytyeaxrrll.jpg,1,0.9287651777267456
saajghmghgmnlwlyogbiplxvnhvdec.jpg,0,0.5578049421310425
bokaluyqtprwstaomabkyywzpnrngs.jpg,0,0.01584535464644432
hpkriaejvshjgceilcgissdbdjkjbc.jpg,1,0.8215903043746948
wbikzcncuacqyqlqcmplkqwhhbywis.jpg,1,0.0
cyqpraocamaxzxaoivpbuybxmpcwij.jpg,0,0.039157915860414505
dueetwolvbwjxqhmvrmhkjxoxjatxh.jpg,0,0.26602911949157715
ywcnzhkqqkxrcrtpjgukymljcxyyyw.jpg,1,0.8539320230484009
jprjbvnjvmnancimajwfpwvvnezgxb.jpg,1,0.9777107834815979
thuzhkgjyvcukyyqiyovrpdyndvpcc.jpg,0,0.039526451379060745
fepflxwsprpjvagweolynfosnytarh.jpg,0,0.014314602129161358
fwmtgqhmsnzriudqgiettemjaudwut.jpg,0,0.0
uqbjmakxqbdkhskyamydtiwlkstpli.jpg,1,0.9785860776901245
iurrhmjxbxceorfaykgawuvrsakvmh.jpg,0,0.08559595793485641
yljdpfqmmxqcwplvtrqsxjoyvcmleo.jpg,0,0.03152430057525635
zgvgjdxlrhfgoepmagvuivhnmfuuoq.jpg,1,0.9736363291740417
ljxfqpvspgpqtmbhhvqxovltludxlu.jpg,0,0.020534584298729897
kbfprdfmuicvutpvutvwhctequtcvv.jpg,0,0.054634395986795425
fnnyhmbbxyapetrlgvdlkgfylxxqfd.jpg,1,0.985917866230011
oibuhdkvlfblafiwcbwqxxzocmpnbc.jpeg,0,0.38108083605766296
ertrdwzalmofqmiykebcdbzamuvuag.jpg,1,0.666580855846405
exsgpqdwklswcjnraroqelbpxnoivq.jpg,0,0.06888316571712494
fsqlihawzshtlycpvdthekrazqqvmh.jpg,1,0.9011159539222717
laqhefejpknhdmlzkfudavqcqvhqlu.jpg,1,0.9509075880050659
zqkcdbvwkljllfbecryuitzcmcieij.jpg,0,0.0
dgclmkygpoghuheokjzhvblmzkzdin.jpg,0,0.0
czzrmnxapwoytmvxmynsjeuroqdsdt.jpg,0,0.044426899403333664
baecitodgixqzomgkuuixhtpxalmzi.jpg,1,0.9926906228065491
cxqpaaqtsdapvpcoizxcayhyfykmjl.jpg,1,0.0
wvvphaihzxuufdtdmajriikbsbzxju.jpg,1,0.9540882110595703
httisaslaqttgyopyxnjjmxqsqzwys.jpg,1,0.9721930027008057
oowtnstjoknvplkhunpdwrwcpxirvr.jpg,0,0.12821538746356964
imvxweirgozaxbythelnmuqpqbddqk.jpg,1,0.0
zrgfntovqjzmrenvndkyfqskmhoqbo.jpg,0,0.03361765667796135
qyvooeiowhdtwdvlfvakecwleukbvb.jpg,0,0.0
vklfdggbpubyklvopwqexdutovabqe.jpg,0,0.5795845985412598
dqzsjtgepucdjtkuyqesmirmsuirqe.jpg,0,0.018846893683075905
wykodimykvcrclldklvwugnhnptero.jpg,0,0.14616258442401886
fhikknnhdjhhefvrspitjwrvdiyxht.png,0,0.04909587278962135
agjhrdfqyvzjoivmtbrvshymsiqocu.jpg,1,0.47570064663887024
gxcddcokodvhhuwipfpbopbnsikinn.jpg,1,0.8525046110153198
gcfjvimyajtagycfofeygpwkyuhxoz.jpg,0,0.7710514664649963
nafzzlvazyhqodcebnylpnmbctqwat.jpg,1,0.9844882488250732
enpkviardsazgyepmymcseehqaadeq.jpg,0,0.46402326226234436
igaxgfwwglqtqhlptcpwyhxfdtqtmw.jpg,1,0.9825107455253601
jvadkqgjujwjysijjllhztmycvtmzr.jpg,0,0.013525339774787426
ehfnvpictkwhhnzmtsypriqbfknrgn.jpg,1,0.9259800314903259
bxazgghixladgkjuctwbbplfusnmuz.jpg,0,0.03393186628818512
ofrtkzzqwymoqlacpghpvkmpxyjczs.jpg,0,0.06384851038455963
jhzpnsmcjbcdmetshxtyfbnzzffwyy.jpg,1,0.9703483581542969
kjrmigjjrknhnsepposyepuqzszasw.jpg,1,0.993259847164154
jovhexogcwgvnpmqopkxgqutngejfr.jpg,0,0.025319788604974747
bpjgrawxmtctfhcujukasbzbnuphee.jpg,1,0.0
prkrkappwvvumujnlzbuicfjskwaau.jpg,0,0.0
mgtrtptwtgsplvsjpaglyvaxzzmbrw.jpg,0,0.17143204808235168
nnjeveoldnmxhnfaumqddbihrxvxfw.jpg,0,0.017521439120173454
bnsstzvjlmwfeypiwmkcpdcnnftsuq.jpg,1,0.0
cqhlktnhplqxefxijdqwvatnmjiuox.jpg,1,0.0
muteikifrayeljjgliwamyorikpbgx.jpg,1,0.9938347339630127
yjttefbtlovuhrbbpdfvrovswjiuqd.png,1,0.9145920276641846
mmjgypulumbxwwkcnaslzgxgrewytj.jpg,0,0.04953412339091301
polqjnunfnulcgoyuhwcxlydvlheeh.jpg,1,0.9083187580108643
lrkbgfnolnsagnfytsmwjmhvztiyhq.jpg,1,0.9486132860183716
lseyyusejdwbevjqmnrctmdrxjqzgx.jpg,0,0.3849433362483978
mpcirrtdelghdkqkypfmskbkryumyk.png,1,0.7254310846328735
kadiyluxuyrrrbskwhfrdgwcxylovd.jpg,1,0.9456658363342285
rrglvnqfgzdkborqqpsqfeeehwqhls.jpg,1,0.5264570116996765
uozhapkotdfjmqorabdluvgjnwkmml.jpg,1,0.0
qqaypycgxnhulhjiynknwbqgrcclka.jpg,0,0.07037656754255295
cwzcmlxrbqaooqbkorglcztgvodlod.jpg,1,0.9402384161949158
vnqeuddcqwuownogilxzpkmdcrazva.jpg,1,0.9609019756317139
ydrvekvlppaqqgwbjmjqfxwluazzxj.jpg,1,0.0
jbwenlwxtxyaqztgoicxacwxlqsjks.jpg,1,0.8363962173461914
ceqdxlmbzctzmurwdxbknlxqjsudce.jpg,0,0.186424121260643
nuukxoletturavhpmprfeziaokevji.jpg,1,0.9832683205604553
sswwlrxvhyhstuiykurjkaxwesdxfw.jpg,0,0.0
lfidtioamkcmvhswxwlchaqfwrspsw.jpg,0,0.04384560510516167
rrlinfmdckrcpukpsamywkusiqmbxg.jpg,0,0.22088053822517395
srfqemajcsxobwhyxurrrthvydfwub.jpg,0,0.0
ffszehfyrajcvlrynygukinvotlshg.jpg,0,0.03630577772855759
yvnbhskxbhbhmpjdgfbaxbfamyurft.jpg,0,0.055965788662433624
kxkdbtbgzwfhblawawnnvxtqqqtlro.jpg,0,0.0382913202047348
jekochvwutsuioxreihlbqqbelojdg.jpg,1,0.9736140370368958
rwgkxuqqljwvhqrsogzlihhvzjabgl.jpg,0,0.0
pkhjirmztlengyvcyryspaanbyyncj.jpg,0,0.09819601476192474
dxzrogtvgozaougbwabycxrljodbtr.jpg,1,0.9830765724182129
tmeugnpaguqbqiwpouunqzpczoucdj.jpg,0,0.0442754402756691
duklcvxoojiiwicpknlsfmixvorlds.png,1,0.9866134524345398
csoqfmptkoxwkmkgvqijdkdcisegml.jpg,1,0.0
gmquckbspnnynsvwiuprdeuutxcwzy.jpg,0,0.04700727015733719
spkeezsnymkqnktyugkoazfuphzvip.jpg,1,0.9807611703872681
ptlreprconjgzwytlaakxutkxcyzvs.jpg,0,0.019992312416434288
zklunmytklhhzvtmufytsaihhfrgzq.jpg,0,0.0391707643866539
rvrmjcalhqdskhzzddwmvztgpnzucl.jpg,1,0.9711430072784424
wfrljvnhcchkfxboqpadkaumbaktor.jpg,0,0.0
lrwhajwqooqvuekbjpzmufussyxmkz.jpg,1,0.9594532251358032
xledbmwwfajbljtzrbluxkhwpjtdyq.jpg,1,0.8866410851478577
dzqqgepjddvbjfkbnhhqexbxcrhuyy.png,1,0.8349152207374573
aqdlngpcxkwcjimrenxphhaotwvgrs.jpg,1,0.9255558848381042
evwjjlpbaiqsyxtsmrduitjsswxkje.jpg,1,0.0
llvmqgijbszwjhakwvfnmaaxurpcuz.jpg,1,0.0
lrwaaxcbcebsfnirarhqukxnhqbcpd.jpg,1,0.98661208152771
rblxyebdxsswuozyyjmdcyuyqjmzcz.jpg,0,0.0073613193817436695
doebulowehyakthlkgzxotiyellgas.jpg,1,0.0
coailpnigqsodekojjozsixodaiafl.jpg,1,0.0
fuwljbuiohnagiaxljrwdwhmqhqobp.jpg,1,0.9332451820373535
vypoagcvlqcuegrqhsumgvfezwhide.jpg,1,0.9872352480888367
zkkjwcbflswhblwenbtuoncocithsf.jpg,0,0.10736237466335297
pgziyshsucxiixrivppqaavzpzumre.jpg,0,0.043651122599840164
lvcugzzbmxqjlxosdzsnvjmytmcsip.jpg,0,0.03888000547885895
bwljrrnypwhgdnpqumlueqlfdfoseu.png,1,0.9157900810241699
sgbblueahmagbohfkssucrioqtmhdv.jpg,1,0.966103732585907
wcvbkuahuncjccukyjnnlzvzchywzi.jpg,1,0.9485679864883423
lkoxarjwuqwmpidunwjkojklwclukg.jpg,1,0.9178308844566345
xwtdzqtqfgriqpxznfomajsoopfarv.jpg,0,0.4940214157104492
jvsaztemoymklkvejkvmlsoxymwqsp.jpg,0,0.06060045585036278
cbgxdkgquywmdaapvjgfdwigfoxeix.jpg,1,0.0
jpewusgxdbannlsilpjpmslukrkgsa.jpg,1,0.0
hsdekumjteanhjgggeilimmmnsgizw.jpg,0,0.3440028429031372
krwawhpsohqkntcpdihyaoyityyeil.jpg,1,0.0
rczcycvupqndlbjvioiphpketniefy.jpg,1,0.0
dobcmgwjiiurqultatbxuigachntms.jpg,0,0.024338986724615097
wpeaomsfghnzjpbchnbeyfubtsppif.jpg,0,0.013394064269959927
dcwpsjckwixmxqskhpxcspulebewsw.jpg,0,0.034633390605449677
lezkptqmqeleaouzfmcpomptojvegf.jpg,0,0.0820334404706955
iqlsdbnjowiqswcdyghueaitkmnbjo.jpg,1,0.9450032711029053
xfpavtjcslgqpcodollaswowusfzcv.jpg,1,0.0
ygaawyqwpszncfgyyeympovkxinlhp.jpg,0,0.0
uejmbngyvypadrzijtzhdrwobwwliu.jpg,0,0.07419541478157043
cpnmrxmbyqddxsssfksmpotmiukzjy.jpg,0,0.0
zawckdveggqsqhklbafqgdkpqjzivw.jpg,0,0.11486969888210297
lacasfvnrbzdpjprhyqirjkqntbhal.jpeg,0,0.5277381539344788
ngeicxstlcyqivhdvbzhmpxxwgunfd.jpg,0,0.0
sqffxaqqfuaaglwszqvbonxkqvubea.jpg,0,0.07324506342411041
lowaakkcreqjtebwflpyprybqrncjq.jpg,0,0.018895721063017845
vfwfhyvffqxlkjrrmoxyhqtkymdgre.jpg,1,0.9340962171554565
pzoassehtplnfkhaxqlypibxxpaqre.jpg,0,0.023112453520298004
sczhdwamqbmpolozkmncxyqtcwcbdd.jpg,1,0.9283284544944763
yapsawxxzpgssccvmkdicpapyspgbe.jpg,1,0.0
xygofrhejiubcnftksdkmxbwarwodi.jpg,0,0.6156154870986938
dlvyrcgnkszeodhqrtdqfietiaxpgc.jpg,1,0.975142776966095
wxnkpyvsxpcxhyfnnleacondpjnvlb.jpg,1,0.9654382467269897
dazkdezgehvbieiapklvcrroxflbwl.jpg,1,0.963386595249176
wnwuicvjalgobfyplwhxebavyldipy.jpg,0,0.06340080499649048
cacwfcrwoztpldtkbpgyevdtveivnt.jpg,1,0.9738132953643799
hankcxghyoazepdywzlbuuayejuntb.jpg,0,0.0
zbmmixvefcnotutstwrxzcxyjnqyul.jpg,0,0.07573135197162628
sozkygklirzemzkjuwtpqqlbkgjzdy.jpg,0,0.028213495388627052
znthmaqunfjqsfybtixsphzivlxubg.jpg,0,0.0531291738152504
xfbrahzodrtdkgppzlsatqqnerpccr.jpg,1,0.9162868857383728
novvcdiisxcepscbjetnopaonzummx.jpg,0,0.061917684972286224
mgghhrcrbxjdszfylgolcrjsvelhof.jpg,1,0.9776760339736938
iefkcrieoefusyrcyicncqjnmtxybz.jpg,0,0.05068965628743172
dacidgvhrcgyttssxvfcsancaqkqhb.jpg,0,0.5274208784103394
doyfmrkrfntvborrdvoxnblajbljrr.jpg,0,0.021402399986982346
qtlxhrsgyifuwxfgezqohgkxjkyypk.jpg,0,0.08654472231864929
iznrivnlbyzccwipdiopasoqkqpdjz.jpg,0,0.04806826636195183
xiciddvkvdxqwokswmqbeoymaumzyr.jpg,0,0.0
dxtrdikuzexsokwddvpdyoywovrekg.jpg,1,0.9406186938285828
kuxwdtrzeeqezotlvqfurpzqdhvlph.jpg,1,0.9866012930870056
cwinthcylkxogdbzmdegsdmrtdgsjt.jpg,0,0.03428451344370842
jigqbjapcmrjvwfkrcjzukigiibttj.jpg,0,0.061801016330718994
zwraxnnikcsbxucagwbyzvqyckwjiu.jpg,0,0.06584788113832474
cnbzcotscamiuegmdomzehahnjirwi.jpg,0,0.0
etwqgdkqabjtjltlscecnmqulvdrdw.jpg,0,0.07291451841592789
kppdekvtprvcqwfdyxzpphaknjjfsz.jpg,1,0.9791662096977234
irwhkmmswgdvozfmrsjljfyihvcruu.jpg,1,0.9303591847419739
gxoniiscwsmaaerouetsyezthremux.jpg,1,0.9920096397399902
fgtyzqjuatsdfpstjjoygpbxswbqdw.jpg,0,0.05253412947058678
liydggqgifvbzohqkhjwjudljdhuyf.jpg,0,0.0
jobdntvzjdvfpqwategemzrugyheyo.jpg,0,0.11645826697349548
oejfnbmtyknfxtrneqhkwyraidkvwv.jpg,0,0.05373118445277214
pfhdkjlmhlatgfauqnoagoubkxccah.jpg,0,0.0
hliwxrvmssilvybjbccoaxecnltylv.jpg,1,0.9505832195281982
gyufmuyplkhgejrjmsenqbbtcdaawf.jpg,0,0.011320092715322971
btxrtykxyndbccgvyboscqgesotvhy.jpg,1,0.0
hdkrlyaphygybkarupttnzhzmopelk.jpg,1,0.969382643699646
ekyurepahzoaxcofcxlnjlwebjzsrt.jpg,1,0.9402468800544739
krvzqzlunkaseffqvkvryniendykfg.jpg,0,0.06240371614694595
vowykwetsbqrojhitqvjnahcsbybxk.jpg,1,0.9804806113243103
qrzxncrfkjyavdjajjcksslcftadbk.jpg,0,0.03423909842967987
fgwjrbepbyjmakbkjmqwbivmqwznez.jpg,0,0.05886106565594673
kzdiezepouxsilvucuvngokzejbukx.jpeg,0,0.5277381539344788
pyjadmrpperkkiavagwhiuxyfoncxx.jpg,0,0.039223380386829376
opitzcdsxnaudhsskebbpddfrizcmb.jpg,1,0.8904969096183777
lfksbuaqwrieayohbfptmumbfjdebb.jpg,0,0.05375903472304344
yqjgzjfimcosaiooagedxshaqvyohm.jpg,0,0.0
axgzuajfnlaucpbqcaefhqeczaeebl.jpg,1,0.9869541525840759
ikhlomyatxfvjjynfgpmyquiqlzufq.jpg,0,0.02889377810060978
knksbcprgvtefnwojmwjjfgunjbcfo.jpg,1,0.9117828011512756
jsshpeconezopjazqepucqtvkuxkyn.jpg,0,0.028696076944470406
dqhgxnmlcyindyufkvtbxzhwmwgbum.jpg,1,0.9820053577423096
ymdebxtkxelgjcfcjjpmhfudampdxj.jpg,0,0.034476254135370255
tlxqlatzdxqoocgbfpvvatxxqosfbh.jpg,0,0.0
ppfbcnhfnqgnhkedevzxomwqrjtsgk.jpg,1,0.8440361022949219
tqlkdrgyxadrgxdsteqndjrsdcpzry.jpg,0,0.0
vtpnyeyupdwxmykjczbhacybmfpxyt.jpg,0,0.013716899789869785
qrszgqeyvimvdknvmkexzzotmlhvoh.jpg,0,0.0355466865003109
nmrfconhojuuwqaszmvlzsnywysruv.jpg,1,0.0
mmyzpsubrlmncomjiljweurkyxwtoq.jpg,0,0.10600500553846359
kxdrybuvxglafohrxfhxfkvhqmwuzu.jpg,0,0.05072932317852974
yynytdunmamenhqlhvnmphhhhbovmm.jpg,0,0.02109723538160324
tfzyixafumiekytpfdocrfjzzvhvtl.jpg,1,0.9513180255889893
hqeofiflkshpmnrxlccsidhzmnuthh.jpg,0,0.0
gybimawglrtzozisflzbfehsuxiooy.jpg,0,0.0
zicacpsjfajdzudyzedyjjhumgulty.jpg,0,0.1979721337556839
wcfptsqwbisosjljrubgfekrpwiazc.jpg,0,0.03332087770104408
eodhhoakptpopitocuudmfaljlnxab.jpg,0,0.0
etdttnaofpvzbpekfuymfliovmwxxk.jpg,1,0.9519525766372681
swznuvuchfzbzwfriqbhjfcprkapfm.png,1,0.27451762557029724
bifznsjlljsdatbtmokwhhwoshezsg.jpg,0,0.08313009887933731
ooekdkrhzhpuugrwbaswapsjwcidoe.jpg,0,0.0
esassakucannvulxjghgegguvlqalx.jpeg,1,0.38108083605766296
ffstpobcxhdierscaqhreofaxiliip.jpg,1,0.0
ulnjnxlyhzgzocbrdprrhkksccjugm.jpg,1,0.9769922494888306
gkxlskgoqgmqkdsgnelilksjyucgro.jpg,0,0.3719291687011719
lpjfigkmftfajewyssranzkwawkuaa.jpg,1,0.0
oprgyxfhjuiuxzmjvmnfvppeibtqpu.jpg,1,0.49901193380355835
smjjwgyxrvpedxzgdgdxmadkzjhxxb.jpg,1,0.9427209496498108
emtetjfvjynygrlylqpjgycqgkndtw.jpg,0,0.0
autgwhcjgvsfakpitnsnrokzbcglon.jpg,0,0.032538361847400665
yhmribvabgggpbtlllehizxkfqalqq.jpg,1,0.0
ylzxdqpxqrmwexsyhyevghbgbxjqvc.jpg,1,0.9799938201904297
sdnwpkzowelajiqebyrqmygeooeqmm.jpg,0,0.10082364827394485
zqnjslbgufdovwfmrjskyqyilsadsq.jpg,0,0.05215471237897873
nbhdqoisxkcoozgkwyuwcjehniqxwm.jpg,0,0.2604254484176636
blndjtttrlsvlvcbsrflouowheehrc.jpg,1,0.8758935928344727
gvffkeypaoiwhtdwczabeuqtyiugtr.jpg,0,0.7673706412315369
zoptssyykrqwylautftdjjbgujmiig.jpg,0,0.08666905015707016
hkkdallyhxmfjjchsoxesxebhtygvq.jpg,0,0.0
gmgpdflphzxcjngvqpgwqjwcnugelz.jpg,0,0.10912070423364639
iqcjnyjecbuqnswlixwfxstemuhnts.jpg,0,0.049151621758937836
gvryvlubplzelzmzewqhwohzqtljdw.jpg,1,0.9755801558494568
irpggwgdilveqldjbjiujbbaliueyj.jpg,1,0.985434889793396
dqxbhahwtsftpzeyzuctzxbmovacgz.jpg,1,0.9893550872802734
rcxywpuskfedmzzdlsgdchydttahky.jpg,0,0.007082723546773195
fzndcjcmodhbdeunmladhvphggphiz.jpg,0,0.0
jdptxyosmpkadzefqwdybhczwcetls.jpg,0,0.03691872954368591
frriasrrutbfzggwldhrkzkkdtddbg.jpg,1,0.986420214176178
farjpgawowkvandaiyutqnfxllvokd.jpg,1,0.9918321371078491
kjgubfzpwtlwkzuismodgzncsolkjj.jpg,0,0.0
pckemkmgjbvdmhcthlxuxlqzmkyspg.jpg,1,0.9771908521652222
nvqdkncyhnyankdznzuvfzynonqkon.jpg,0,0.052753206342458725
xyallbtelawepbmsjjojbobschpdqj.jpg,1,0.9937578439712524
jjrvufzuvhbrekmahtgbyvsaipesyh.jpg,1,0.0
cruflligcqifwoncmbkjzmzmvshxgd.jpg,1,0.0
hdrkardohmljfoaejdpbpkutfrdfur.jpg,1,0.845590353012085
kamgyhpvfmaabzbahljxxmqgwrlpae.jpg,1,0.0
igmdwoiijzbvxgndvhpkteptrqlcrg.png,1,0.10346710681915283
jeboojkgogozhjiwalokxhyjzscpwq.jpg,0,0.032573048025369644
ejxavuqtingroxooeqduqpnvqlugox.jpg,1,0.9758452773094177
gqacfwfotqwlbvmobfdquaduwhdpck.jpg,0,0.0
xfydzktuxgnvvjbtvrsbaqsfrrssef.jpg,1,0.9476321935653687
ieogzamndwfuoojnrlwwiqzaljogjt.jpg,1,0.9395105838775635
ulxbbojlpaqhkjknzhqdghmetdkcdm.jpg,1,0.9115275740623474
nkbuhxqaddijjvgcplsbxrnwexvmll.jpg,0,0.06428878009319305
aajjpjqlqyywucvkzuwsqpbxxyqiih.jpg,0,0.09674040973186493
tymkjmdvwpcgmrzfzeauxkveghfpvu.jpg,0,0.0
tjztdiwdlzaczgiuxnefdthkjqamgb.jpg,0,0.4237336814403534
ylpmuviirizhvbbavarakofbdlvxgd.jpg,0,0.024579506367444992
lhojqfvhrfwmodaowocjgjcaczkzun.jpg,1,0.0
tlqiandivcgezspueqmnfwpvjqvljv.jpg,1,0.5206735134124756
xssuquzxphcmdrpcrurcedzxwazbmm.jpg,0,0.11705140769481659
ccpskwjtxpkwxhowtovvbtrdxmzcun.jpg,1,0.970008909702301
cnzwogmqaujdoaoctjcufqkmivzndh.jpg,1,0.974738597869873
vrjjsujewecjybqxmlmyblvooodgzm.jpg,1,0.9871814846992493
vcrhwteptppxtmhpzjozlvktyieyek.jpg,1,0.9807175993919373
tosktmljkjfdmmowiceorrsducmhrj.jpg,0,0.04710046947002411
kfonflqwzjoypdteyfienebvkryoyx.jpg,1,0.9608306884765625
gknekhtxumsiktsbnrmczrczxalrml.jpg,1,0.9026994109153748
wucmpjefqutxiadolljzpiqrkkcdlu.jpg,1,0.9569333791732788
lurovcxqvkdzpyjuugsafvbajfortt.jpg,1,0.9810148477554321
qpnntburywwiwdkslpzaieackmscrc.jpg,0,0.031264398247003555
bbncsestiogrfkymcgbrpxajcokkox.jpg,1,0.9234254360198975
rldychejdhgkktihmgwbrxbqeudjlj.jpg,0,0.011968917213380337
fljvamzsszpwkqeorlousfurjgdxlp.jpg,1,0.9130303859710693
kqihfuctnngjaelqetrinzltnazdmf.jpg,0,0.0
bmvnzkvdelwaoppjowbbezfdzyufzu.jpg,0,0.3440447449684143
nwbfhzwpelzlcvrxegcndhpqyfqgof.png,1,0.8827990293502808
oxscmkbbcgtjxjwiimmlnyvtmkcuel.jpg,1,0.9786979556083679
tqscrbcqdkpvdlzdmelyelbsmkfsez.jpg,1,0.0
qrqhjgtolfxpujhfaqdmbnzbhkgddy.jpg,0,0.00803017895668745
rwewqiizlikiupmglroawuashwktcw.jpg,0,0.0
rzunvltrzlytruultkysvgwkdxcagl.jpg,1,0.9371698498725891
jkevoxejdweimrvdqxcsclehlhgpte.jpg,0,0.009724337607622147
ysfxfqfsclwknvfvptcumiowxglpqx.jpg,0,0.01717999391257763
tjnirjfuwyulpykgpymwnhktcziftj.jpg,0,0.06302788853645325
gsjyikrwaodcitgrgcsalsppuceamz.jpg,1,0.0
rplmzaccmemuesqysjbrcfkmxlzsdc.jpg,1,0.9802761077880859
ithkkmgmiihhewlqiycznvepzxxaoh.jpg,0,0.09655319154262543
dpyeigsuhkdzjmslxzpnuomzhgghqf.jpg,1,0.9733467698097229
vyllxqlsashikryptybxhgwltzrmqy.png,1,0.8217991590499878
cfeetndnzhmalxewaafeorzbjfdkkp.jpg,0,0.005333459936082363
nlheedlkmkykfflvozfmhyjovvyxhw.png,1,0.9815040826797485
bwrmkzlhqvmecajtmfvicmankqhpvk.jpg,1,0.9864062666893005
znuhfdsvytafkwfjqxbzuvyaehtpex.jpg,1,0.933351457118988
tcgcmxqebwirykftgvichdlelkrsxi.jpg,0,0.15215197205543518
jgwydywnuqwynmpqbohhhhxqvszsug.jpg,1,0.9486356973648071
captiqioqqslxlipgqznzxtpwzevls.jpg,0,0.0
qmnjdtxpccsokmtoxckorwgzxxsgew.jpg,0,0.07539782673120499
xydfmddsoanzmvokauiojbvuqimzdf.jpg,1,0.896894633769989
uhtvagonubwtidabmaskzbmlwqbdvm.jpg,1,0.9942418336868286
notbyaanldpimaiuliqkvxystzwino.jpg,0,0.33260804414749146
trgdslyznzcnkejjabvoetbimapzpu.jpg,1,0.9875730276107788
sznikdxsxbwemsgidcfglqtmhfpoxu.jpg,0,0.04133785888552666
shmtmwkqlkkoyxtnqfoxvxmljlvkpc.jpg,1,0.9779416918754578
tkwoxmrmbiepsavmqvuarvdufgwyga.jpg,0,0.021099667996168137
vbhwvtwajbggbvmhdufuzbhairvsom.jpg,0,0.0020501425024122
zozjmbbkkzxemobwbhftgskxlwmnwi.jpg,0,0.023482516407966614
cedgvznnkdxgvubwvjbgqvxetzqipb.jpg,0,0.6193637251853943
qfzjlvwypfhaduhpbwckzctsuqnxsp.jpg,0,0.0
yvrbjqlyidrstzvpyfiyroshdhpyzm.jpg,0,0.024964291602373123
koyzsmvyanbokoocvaqszccxzprpza.jpg,1,0.9934672713279724
xrulqhbcbggsafptdvbuujqpyhejpi.jpg,0,0.012311787344515324
yqggczpviodhiralxnqqveapcvqjze.jpg,1,0.9704726934432983
rxgbwdnfesvbcjpwxccmwmujsjubwz.jpg,0,0.030868306756019592
rdoiauxzuiksyyuqofqzapdzuhcbjs.jpg,0,0.0
cyuhqosnymnrludnccguohuyyzegti.jpg,0,0.10481387376785278
lycttvvlmfidyniqbvvmwkktwserol.jpg,0,0.02421552501618862
bhyajkefrzixtsylypevexueyjgtky.jpg,0,0.0
ltzllosqifwqjsdsplvhthkbyhcssf.jpg,1,0.9754976630210876
ksqecvsnltcyxdcldmxtjdntyoycrw.jpg,1,0.9462904930114746
mpiyfegdfcjyqdhxblcjlskygxegdd.jpg,0,0.0
ecwyzrchdkydfhollnvgwqqafoccrb.jpeg,0,0.38108083605766296
gnclxgzfgljkgxteykrmjkagyjzxsb.png,1,0.9671106934547424
htxzeentvvqcxqchlxrytlydqighzo.jpg,0,0.19652792811393738
dusrdvulolkrvswqywrqcndcwzavmw.jpg,1,0.9820137619972229
eckxcaejqyvtuechtzdhqwvgztzsbl.jpg,1,0.0
huolilhmkjmyercgadqqhrcfwwexxz.jpg,0,0.02095169387757778
vjvkdjarjsqwnoqmflxlkpeyilphcf.jpg,1,0.9413167238235474
kiwebmtvbfolhclghcbcdqijihdrdh.jpg,1,0.39397695660591125
zooycwpynberlhuuryszsaamazedzf.jpg,1,0.9834069609642029
zmmadsbdxxoxfbalhhobqlkenyyuao.jpg,0,0.02867426723241806
jcsxrpylhqlwnltbqngzzjeemcdkbb.jpg,1,0.0
tnqlerkzdybeaavdttizowcnumddzl.jpg,1,0.9769021272659302
sxniydiarotpallkxakejekesnivla.jpg,0,0.0
vsnbfyibouzmvezamzmtobvrakeupc.jpg,1,0.656583845615387
oeleqthivpylwbdjuoycbcogfmetxt.jpg,0,0.21250048279762268
tffkinxuvgxoupdcbsbnzjzskzzhwj.jpg,1,0.9824221730232239
nhbabiosquchymecbfjyquzxptgcld.jpg,1,0.8714957237243652
xggkpsfdqlrytnyzcyielxldjdjqxt.jpg,0,0.06264729797840118
bcaihuylsfysvkykincbwuusrxreut.jpg,1,0.0
afolbmlyqayubtqtlsqdafbvzreajk.jpg,0,0.061144016683101654
pueoruxicpinrqmhckieebldxnjkyd.jpg,1,0.9198138117790222
kuoyuvkfoyfhbhpwwyzvsfqnnqqvdk.jpg,1,0.9212666153907776
dbegrxzxpmcxwcvgkgnbcjrmsthuyj.jpg,0,0.06749375909566879
vniffeibeanebbexisydukdulrmqom.jpg,1,0.8742465376853943
wvauzdfgrycpbawdvmdvdddklmoqtt.jpg,1,0.7893043756484985
pkyimaglbzxkstjmaphqpravyqrmqw.jpg,1,0.0
bnsqhptlglmoenyzgkrbcyxsznizfb.jpg,0,0.02855292521417141
aalpjcukdicembbvukraexfyxkmsnd.jpg,0,0.022722966969013214
jawvljuifsyleiijslvwujhrqhbwqb.jpg,0,0.0509713739156723
odkmgpibkxltvzcjjnvgrzptqzqifq.png,1,0.0
dqxvxxubawuwmythhsrxztgpopfvih.jpeg,1,0.38108083605766296
hqoqahbsyglomvxyivijhnaoywfhov.jpg,1,0.8144674301147461
yazsmoufnxenxxgcspfqqsapuzrowe.jpg,0,0.06438299268484116
rxtxndoptaaqidlhulmpdmefkdpiyq.jpg,0,0.06436733156442642
sfbqiftqsrtklymfhjzytesgkrhhux.jpg,0,0.0
gsrkelpufbyhyoryilxvbkdtmdlxrf.jpg,1,0.9565669298171997
zlvfjbpweenvarxlpjomdogsenjovp.jpg,1,0.9279766082763672
kmyknxmqzetkaeiegexpirtonouctn.jpg,1,0.9416006207466125
smxnplbtgbfqyyjpexjufyeieeoxsu.jpg,1,0.9357959628105164
ojujwjhiizzvxhcmwlkaqwqqibiand.jpg,0,0.0
cxpggaenxadozfeebdjhykalhvlzwz.jpg,0,0.07379258424043655
gfzzbdsqmxtuhebmakkqfchefhkcxc.jpg,0,0.0
wocscofbqalhhdcmyuxnnkgqassbmg.jpg,0,0.017711486667394638
zvhwdvmjyizivgkirrmygqdrjdaxcz.jpg,0,0.0815136656165123
rsrhondgwszfonirfiliehbxuwhlpr.jpg,1,0.9096317887306213
uwucyjocqumbezaldglwpluscjzyno.jpg,0,0.005995071027427912
hphgwudyfwnedmmpjzzwkbxrpbuqis.jpg,0,0.0
xnfgepdnadxffeymlrgklsjkzsrwof.jpg,1,0.9799085259437561
fafcnwbkuuwiburppvdrmecsijfine.jpg,1,0.9300196766853333
bplxokaadmxrmwucjvwtoxryickzve.jpg,0,0.07075542211532593
exfkjarfpkqwyzpfkolhmyijlgluit.jpg,1,0.950979471206665
jjbohndpkbfozxbruuvuzlkbpgzldz.jpg,0,0.08313868194818497
kplxullgcqwuckcinaveraggftjegz.png,1,0.545476496219635
doyhoqamjdzhrhbpojtvsttntwlvxw.jpg,1,0.8470531702041626
jlxckhwvzjrwpqolkwymqonfhnuqir.jpg,0,0.14892680943012238
lclzinfcaigjtheunghbgremjehltf.jpg,1,0.8149265050888062
yfkwqrcyjfloklasitpkfkubsodlft.jpg,1,0.9671451449394226
ccsqimshvulntrsulqmquamhgqdfim.jpg,1,0.0
dwsgrqlfgrztnpkjwnwkgbofeaikcj.jpg,1,0.9785270690917969
ripdtzdedsorsqleqqeduzqcdjttve.jpg,1,0.9826568961143494
wpyvgvjhybaljtzduconhborbnpcps.jpg,0,0.029966790229082108
fhvdgoubvfcgxjujffdgyklyosgres.jpg,1,0.9261540770530701
cwpopsihrhiapzrwdhyrbomfvxnwke.jpg,1,0.9962738752365112
yvqaugmktlxunneeojbdaadpgzllio.jpg,1,0.9922428727149963
rlmxgbcjhewmegwmlgmfpleeooabzr.jpg,1,0.9246487021446228
xtknzzxtppwsfqilqmivpipwmhdryr.jpg,0,0.12372474372386932
xovvldznlqklyuonzbcimsjbzxrtgd.jpg,1,0.9425462484359741
hpqcpfrxfbtbfdnislyooeeiyekmcx.jpg,1,0.9802268743515015
qjqklnywvybvtulyyikymclmtgawvv.jpg,1,0.9381721615791321
iggycbsegvgyvgrmpiaydouercfbfy.jpg,0,0.052657391875982285
pfgxjwetmfsmdjoflxwgqrpcnzubvu.jpg,1,0.8971542119979858
bvzojhjcmtfccktnbljmylimgnfwsb.jpg,0,0.06638838350772858
fhbhkdyfrjsymzsvfxustejtuzqzlw.jpg,0,0.07338796555995941
ndjxcrftvbfeocnwaouxevwuxlroeg.jpg,0,0.06558306515216827
ldqowvydrrdihcpcdpsrwcvvypzwvp.jpg,0,0.11037009954452515
fxabxelzigxmknqqpjmwxczofzhdxi.jpg,1,0.8803409934043884
xtufvpqkfqlbucbyyiiuqqhawkwzxt.jpg,0,0.20017597079277039
fxkkripbvitiqtsukplynjrmychvrx.jpg,0,0.09517878293991089
ljkyoarjjsfzpguocnnmteqqidnztx.jpg,0,0.0
vcozhttcspyczzezxxswrkpngzisqo.jpg,1,0.9559390544891357
ikzfewrnprjkjxqprgrdpyoambtfzf.jpg,0,0.034352242946624756
wqocnoddovcesbkosdplpzopryuxyl.jpg,0,0.24338600039482117
dnadyjmewxvquiaiwpxbiwtejdfovs.jpg,0,0.013493248261511326
jqvwfwufxhkznipxenyyzefofyxsxa.jpg,0,0.0
lyaheedwudtwkzslpvxsxysnjvvxxr.jpg,1,0.9537969827651978
nlqbrtlzrqyxcaxccanryeedvnbwmv.jpg,1,0.9809277653694153
fvalbwostdugdeyqukpbassdlstthi.jpg,1,0.9612094163894653
bzrsikipeicitszmwmfqytppuajwiu.jpg,0,0.01663225144147873
iiocytanewmdbjhijzbaeukvprozkl.jpg,0,0.22101876139640808
ptpvmwazzkhcsbxhrnflggepsqozbp.jpg,0,0.0
nnicvcsnojpjoogiukdyvyyclynvwg.jpg,1,0.9865050911903381
vrsmwcirdmmrwrhqqspnhzexfaqtvd.jpg,0,0.036426007747650146
xjaxtjkekahfcifoqlgllswwfyebug.jpg,0,0.0
mdaiwelvdrvnwdvmiscgleenkqplav.jpg,1,0.9669780135154724
zvzkkzsfdqmjtlrhvthrhdtepmqsid.jpg,0,0.0
atdwaouazthyftuuesnxnwlhsrpyro.jpg,1,0.9889361262321472
aqkluebfguwjhfdnbtawdmdqodyyeu.jpg,1,0.0
jlktvfsmpqlvkrrqdgasnhoakjrjqj.jpg,0,0.34908896684646606
ceozklyaiyxgecshtygxhifbdvrash.jpg,1,0.988806962966919
pfutfxmybthfstflqplbghxjwekymi.jpg,0,0.051961369812488556
ruumdlbzximznkdvthbbslwtoojgmh.jpg,1,0.0
jirnnxrgdbshaungrbvvvekddkeerh.jpg,1,0.9094010591506958
juorxdrpbajlawyahstvwdoddptwlk.jpg,1,0.9069223999977112
mlldevmpqhoamrbrrlvnrktvlgfgwn.jpg,1,0.923168420791626
orvfmmbzokxrfzzebqwhmdxtabiphp.jpg,1,0.8755207061767578
fohxsjmbxsoevtjrjdlmghiuiqliph.jpg,0,0.1322702020406723
azazbwzigdzxxsvmcizyuqgivdyhzn.jpg,0,0.015864325687289238
lfpqyqobvryudfxxcabcncphmtavle.jpg,1,0.9292199015617371
uceyzrlbtdzbqhiousxplkcrbpmrek.jpg,0,0.05560796707868576
hguumdaaqstpcffrlexqqlngjimmdo.jpg,0,0.025910180062055588
mbfvsfzeavinlickncknujiiijozlp.jpg,0,0.11972243338823318
hmekbeggwejgmeyiyeikmfmpblypqi.jpg,1,0.9149366021156311
uzewooxjwzphkroseskteuzyuzjgrr.jpg,1,0.9581888318061829
yejtjqvmwykfupgbxztgisddkihejv.jpg,1,0.7266579270362854
azadjuyizexjplduvaljrdnrjtanva.jpg,1,0.8793641328811646
cswbdmyixhgdmijgyjubfspitwdchv.jpg,0,0.01497805118560791
xvmgxuezjatrlkheuhyptaqnmjxhma.jpg,1,0.9645134806632996
alerbvrcbgcixyzdlyffzbfkpdgwkd.jpg,1,0.9835399389266968
azfbfdfqkxkktbfwafkalnkguaxfzj.jpg,0,0.029941558837890625
hqfzdsgslobnqxhvrhbuoiowyghdfo.jpg,0,0.020468827337026596
eijlcxndtcvdunbcfsyskzeecytlnt.jpg,0,0.03355563059449196
oacvephlszgjxklimxnctmjegievxx.jpg,0,0.038631558418273926
eoyfnldavjpyxjmxcvgxreuoleerng.jpg,1,0.8995222449302673
ppdpnyylimrgedcfjcqvamcpatqskd.jpg,0,0.0
akrlmivoxlpffehvhrxrjgrntipsel.jpg,0,0.02710258960723877
kdpabiczbuqitjbdvxzvxvmdggsmcl.jpg,0,0.02832486666738987
qfcknaduwxoswgzztxvuylwanspozc.jpg,1,0.9602438807487488
vadaiomvxyhfgnhwlkzaoxhjsmtcwd.jpg,1,0.988195538520813
heagvsqrcarbiqiadaefbecybcehmr.jpg,0,0.016548627987504005
xjrjjqvtylupyblgzghhuebfbhvvjm.jpg,1,0.9367090463638306
eovlaektknghkpghvyrafpoaxjrdnd.jpg,0,0.0
ksfdmiebxcibuqxlbtolqttmbednwg.jpg,0,0.031689126044511795
ehbimzgfxadawpajkdviszqeljafwq.jpeg,1,0.0
uyewthadxzfbmckhzhsndrchnfnepa.jpg,0,0.23488295078277588
ucroyqowxzlrfrcjxzhobrmwbekttr.jpg,0,0.10285311937332153
urtdruueegyfycvcdknzgyocsghctg.jpg,1,0.9884809255599976
cxcbhkudpsisssjflxuagoxflcoxnk.jpg,1,0.0
hgfhebhlukffugwvbwaufynionfkfo.jpg,1,0.9637473225593567
uaeqvxgwlueapnycgaifofwtkvodbc.jpg,0,0.023480473086237907
drqvhgjwrpsddpddweufwsmkgxsljd.jpg,1,0.9848100543022156
rksqzlcxasvmtjrehpakncdrkrjpai.jpg,1,0.9345323443412781
lpzfzoqxdxihmbajczwrurtfpiyxsl.jpg,1,0.9415026903152466
hshqnfrbqdlkgqltoyqkrexkorfjre.jpg,0,0.0
nromedqmxozlyxrpnjncndjwzohael.png,1,0.7993612289428711
vbcancybsptbqsobsldvdnkahhxgtb.jpg,0,0.06573793292045593
vgulebonunlzcfdxqukbcwdamverae.jpg,1,0.8672520518302917
ombzwbkxvmpafucqwcuyyyuyysmvsa.jpg,1,0.9794403910636902
ireaconaqcgczoiwfpyledyngsfbjk.jpg,1,0.9932073950767517
bmxsckmkwapkagiozaynnonavjcgen.jpg,0,0.03708258271217346
ambbkpqhgtcwjofhbdceuorvkywjxc.jpg,1,0.0
teroetlpnnedamxzpznwalwxrqzxwl.jpg,1,0.9577878713607788
zrkxxmwsdwtkitrchyjjeozjdaqoja.jpg,0,0.04195869341492653
gnyzdykynwgfkopwlswdcsvsicyhmv.jpg,1,0.9725044965744019
cppeuzgqltblfdxsvwwzcrlorytkvf.jpg,1,0.0
ukvfunnijeluxotwajuzosecxipniy.jpg,0,0.10203229635953903
fcjuairujezzonrmgfkwygqpglkyls.jpg,1,0.0
zjrtntxkczcpztzwvennenqdlvzenm.jpg,0,0.0
pxuyttruriygpdgpljulkxpxquleke.jpg,1,0.9973433613777161
avkicuxahzozhlebetkvlzrsnmovcm.jpg,0,0.02289636805653572
evstzeujdndvuhnvkqaztcypobvlbc.jpg,0,0.3990236520767212
zodeyvphbleuyiuloskrsfttkhalfi.jpg,1,0.0
wbvyywnkzckcygjoslkxhnvaipouce.jpg,1,0.9781535863876343
jnjhuaftisdikutxavumxjnughgpwh.jpg,1,0.9489052295684814
tmccwfoucxyhvuyxkuvsjfozytxuya.jpg,1,0.9721625447273254
dqkqlwspzvuqandxmjnevnuugebonm.jpg,1,0.9521983861923218
pnaofplnsbnqynjolxyptbtfkccxbz.jpg,0,0.029374107718467712
vphrmwhbsmdanwgzrdxqtpuxoxayek.jpg,0,0.02646295540034771
lxrfdtvdhoqgjapvzxdqqdanzejizf.jpg,1,0.891659140586853
etekjhnbxmblheabzurggqzrpeiscb.png,1,0.0
rfjxrkloxehbveazpxlsfdwsxpxypm.png,1,0.7927396297454834
uqlcokqgloihwpwujmuhrqdpnyuxlm.png,1,0.0
vmjoagqsocvlzejinvgytizdxpbhzf.jpg,0,0.05026457831263542
zoewwordiiyoueuztimllkvftkkobh.jpg,0,0.034584276378154755
vatseefspvsqhdhwgnuglbmbrmedde.jpg,0,0.02320806123316288
tkcbwoixofmaolntmfvliienbdofdz.jpg,1,0.0
lzeoocbmavdnknwkbcmjiyvvakardk.jpg,1,0.9227272272109985
vbctisfxxpxuklgbyibqefeozpmgiw.jpg,0,0.205819770693779
cqlnluvdmthsupoqpmeakhwacncjes.jpg,1,0.9830905199050903
qtrbvsnsewhqleokilxynjjmxtqehd.jpg,0,0.03664112836122513
dfdwmbjhcgucbnbsanowgrsgticryg.jpg,1,0.9597936272621155
fwxxyrdpmsjwreikgwnocqleeytefi.jpg,1,0.5772010087966919
jqzvpqasufhixzxrepjifghcfdsiwm.jpg,0,0.04111427813768387
dfiphtbjdqlbfwbrcavjuxniyhmuab.jpg,0,0.014285190030932426
xzvlzjlpczribdyfnqrvfqwyvxpchu.jpg,0,0.058120500296354294
wkpckjtijsxyrygjqwnmrfregbebln.jpeg,1,0.0
osswldvlryegsqrzzahtctlfnudgpd.jpg,0,0.0
igztlvxnekgvrhzouplmalwgadjooe.jpg,1,0.9801806807518005
ojgsvxzijwccsqajasebdkmbjdvrmv.png,1,0.8828318119049072
fdmqoopxbplrqdgbjsfsnkislltona.jpg,0,0.009386061690747738
vuezdvjdfalmvbeuvmpkzefxyzrdxf.jpg,1,0.9803358316421509
vedhvbabqrnliprakhxyvqsspvosvm.jpg,1,0.0
xtluzjxaopcsoqcjfcnxbqafleowfb.jpg,0,0.030001500621438026
imbbprwvxqrjpywuortdkwytpfahhr.jpg,0,0.04349867254495621
buulolwbdhuiyrqgaiteadiljzosjj.jpg,0,0.0657743439078331
uzmtzrefcdahbwqvjntmfpcnvskkuj.jpg,0,0.09533200412988663
onmmqmaclgxvvlojphsiyfiengoxcs.jpg,0,0.013173778541386127
esmvrdjcwstleaviidsugiofmjmemb.jpg,1,0.0
zaictnwytvlitwhuwxjvdgiycdiooq.jpg,0,0.014337717555463314
bxeaxkqkamzqcdfaajiybvvxvqkmil.jpg,1,0.9730148315429688
lhqpahksikiammhuktgjzczulprwrj.jpg,0,0.0
ogpkmpgergkqvufrdjwicdwwweagph.jpg,1,0.0
vdpugobucuokeehjvyplboxzbqveft.jpg,0,0.04804039001464844
ergczyzhllvoskumrkngdpvqjjzfio.jpg,1,0.9800809621810913
yuibmfqdhsawksrekgfnpynmttuirs.jpg,0,0.02352765202522278
rrwtxefjhsdodbzipxvtfsawzglhsm.jpg,1,0.0
qsjnxrpaupjhcgikvqlhajcauhissa.jpg,0,0.0033113209065049887
hdbpxzzycbxmhtdjzgreegugifjikb.jpg,0,0.03593386709690094
mkdzhgfrqpgkvgmfjdzkgdljgxbuil.jpg,0,0.012005982920527458
cbcxffrtsrkmynokplvgcehktbftyw.jpg,1,0.5135642886161804
rtomcxyndkdmzjbuhjqmcnzhcvexug.png,1,0.9424834847450256
lcglxofvtokphqgjwnzfqaxtjjrjsu.png,1,0.7942003607749939
xldajzjowwjicdobedukgexygviowv.jpg,0,0.0
dxvvzecbbpshpfoygmhuotnlrrbtxu.jpg,1,0.9660142660140991
ayoltpbaswdlkawidwfyxuzuepxbdv.png,1,0.9200731515884399
xbrlzpewefprijoujwdmjufgermdwo.jpg,1,0.853827178478241
hpkpizxbhygjxpkggxunjnhzfquigs.jpg,0,0.007168970070779324
epnrpsjgdleufervdcbkrtgfnnbfzy.jpg,0,0.0
nkiosdfcgfxtfqgadwofgyxiyyflfq.jpg,1,0.8546450734138489
kepfpmdawxispabidfriatsqorfdyq.jpg,0,0.029130196198821068
zzpcszmvsjybewpvgdrrxuqghfgpef.jpg,1,0.9940600991249084
ngdmtgmqyahlqjtjdrscolyhwxijsw.jpg,1,0.9677658677101135
xlhcdybuwdqyzrnlqrkhtmspqxdbqm.jpg,1,0.9792681932449341
hxdjcucrbkceqsqysitigyegxidzik.jpg,0,0.04705042019486427
ngmqcjlkqzshcvlcnnldgplqvmipee.jpg,0,0.03152896836400032
jkwbefhuwqejrxzsnszavfhqdnovgh.jpg,1,0.9218615293502808
nrkdbtxydiryrdlzhciurshtgvekec.jpg,1,0.9955164790153503
wwsgrddjsqazdybqxotetodwmhfwro.jpg,1,0.9970122575759888
qxvqhymxgjzdnihalmsdigxyjtmyuj.jpg,1,0.9480149745941162
pthaqvmsrkjsivzkvrfmzffxjrhtlh.jpg,1,0.9839584827423096
pmaphkxlnotdbgdqpdnptnvyzkwnhz.png,1,0.0
xbzxgaxbzcfchvjoiqyrrdeofhnpiu.jpg,1,0.9816457033157349
wygsvhwwvpsasnjiablgfraleeqxos.jpg,0,0.013587051071226597
jkfqejidsxcwhluardggqfzwxldbah.jpg,0,0.08304260671138763
qhvfxydwpweokfxfiwobhwzdomidid.jpg,1,0.9694227576255798
fmfvfghsinkonxccjgusnozgemghyj.jpg,1,0.944288432598114
tnrflqyhayqftedyjuqnrxumrutztq.jpg,1,0.0
udfpsenomwrxrlupdgqmjuzbhfpapx.jpg,0,0.04796385020017624
qcfxyjxbpeohycruppgrwrbmmgqhap.jpg,0,0.05804334953427315
rpnarsepjmduabxaoglqtnlmnjurzm.jpg,1,0.9982169270515442
sgdlskiyhvebaudsqlfszyslohqolp.jpg,0,0.0
qrrpnpukkwxkxnzbeondvlqqvljjit.jpg,0,0.423144668340683
kotqjibebsulvxwywnzpesxzmxnkmv.jpg,0,0.0
crlejkufdsvxrvgsitttbafwokmbiy.jpg,1,0.9667907953262329
vcyfvxrsvaluiinwhimituunqqfvwb.jpg,0,0.01792248897254467
heuuxfbctezhtpqdxzpzrgpkwjecro.jpg,1,0.9924377799034119
mxpvljalhmabtlrogfacucyagvrpzc.jpg,0,0.01630326546728611
ekhsqeikglgbtweorgldsicfxtomck.jpg,0,0.02583215944468975
vizmjwxuqolzgehmjciyaxwqcpqbbu.jpg,0,0.0
bmfuiqctvegtolqbbmcfomduklrgyb.jpg,0,0.2583763003349304
lewypbpoazikkpcihngwjntvyxopoc.jpg,0,0.11521787941455841
hjnduugmtqaplhzparygqzacienndc.jpg,0,0.01900198869407177
heuqhpcwahmjeeipvgluvesvgasxku.jpg,1,0.3000832498073578
mxgczbrygsbtzvgotlkdhesmzbmhdc.jpg,0,0.10425546020269394
dzjseqqhiwqnxopkdrxmkgxhqipjbl.jpg,1,0.8154178857803345
vzwnrtcythmbzyhohywmkcfqjtbnxo.jpg,1,0.9591459631919861
vhjiqpyrnbukoyftymlxgjyfnmwuen.jpg,0,0.0
qoboicanpqoqgtdtpbpujjucxqfuqt.jpg,0,0.1480240523815155
rjbpcffujgzejzrdkuplntvxkskubv.jpg,1,0.9417218565940857
zzkykwuddhweeowmgfkmfzrbeoqylp.jpg,1,0.935240626335144
zbnvyactzihdmdquebdhgtufczfsep.jpg,1,0.0
unpnnyrjadgobhkpzildjcepqywcnk.jpg,1,0.9411782622337341
trznnzsgehbbgjcerujbkvensmguzf.jpg,1,0.8968932032585144
larixiqhxghvearjzgboqrrhzwevxq.jpg,0,0.0
nelgcozrisbayqeopmnkjvutjwylwn.jpg,1,0.9221391081809998
mzgyorbrsdhjrrrfbrfigomygexgth.jpg,0,0.05015750601887703
jvahlwpbuqajffrwbcmdvjjthkjfrl.jpg,1,0.8815133571624756
zppvqmcinubivgfyydmsmshmjrebnc.jpg,0,0.07497984915971756
tdwhrpiruczqauiafkjqakqtmsazwv.jpg,0,0.019758470356464386
ajchmdwktqtwitqgneeafxhidxamkg.jpg,1,0.0
zrvlkvltdwxhiglpuocpaqgiqnltzb.jpg,0,0.09674277156591415
dmnoheipgfrpddjrompmbbeamnkdhu.jpg,0,0.048352502286434174
gdaerivtdrevgzykzxkygfdxnonpvc.jpg,0,0.0401703380048275
mtymkefmtnccepilrybitbnvuuhfwk.jpg,0,0.004450210835784674
nhhffgrvqnsprkqlqnotosheujntzs.jpg,0,0.01437731459736824
vluvivomlrbucplxubnnjjnqrotobb.jpg,0,0.2233213186264038
dgvpyfcaevlthqplomgwuhnoajuwye.jpg,0,0.016538023948669434
zkbkralkxupzdqkcprtjiopmabgdox.jpg,0,0.0331294983625412
mbvxzwqbhfoihcdlhcdemyvppbhxda.jpg,1,0.0
umxpjanzgwhpnxfvapzdjtqqigcqks.jpg,1,0.9655817151069641
gpdzmbpraahoopwhejmqwivkflodni.jpg,1,0.9328904747962952
vykszwgmkjokbdgsoaatoomromgrrc.jpg,0,0.055032435804605484
avwvzassocxwtlojdywtsfadlhikll.jpg,0,0.17842714488506317
pmyubfgfrollnvldxlsfuyiktyuctc.jpg,0,0.008378761820495129
caaanbfdannyhhjhixwpagygktuagk.jpg,0,0.027352288365364075
vgicuoplaveehiznckgikoadfjkjlx.jpg,0,0.04309968650341034
xxtbbtxrmahmoenymorwiwzqexskaz.jpg,0,0.07097217440605164
jazuypnasxhgsmorvnhuvvgljuujky.jpeg,0,0.5277381539344788
nvuocdjbjrwocarelmqlggthhwhfyu.jpg,1,0.9450258612632751
evagshnpvvgtrfpffihyasqsrdiwpk.jpg,1,0.9692317843437195
zplysqonghuqjkeuchlpgrtvxoguer.jpg,1,0.0
rpvmnudowajssmsrbvtrddxdqbndlq.jpg,1,0.0
lrcgezouwidghhjybyzbqtzhmfdntp.png,1,0.9146662354469299
quszuahhdnqqnyzjpuynqrrgwhtxag.jpg,0,0.013766291551291943
psifvwrylgembyiazjkjhvequaxpqn.jpg,0,0.008969392627477646
hjwetiuvurvgbrjltkrqnxxpqvqjxi.jpg,1,0.9767505526542664
aqolwcmqkjwnyntqjxlwelqggfdxcy.jpg,0,0.0
gkfzppfnyudvlfjjltjihfdeqxmbyf.jpg,1,0.9726648330688477
nyslltsenmncdrwigjetpkalwygdgz.jpg,1,0.9199877977371216
dsjbrulubqhgnczbjaxjgpajpwdclj.jpg,0,0.0
gbkwnxvtghembeknvbhaynwxnxlhjh.jpg,0,0.3387405276298523
bakyihlfeuqedfiasisbhaltyyhhzp.jpg,1,0.0
lehjkmhecjnczgcqlmukifrditsuhl.jpg,1,0.9733089208602905
imywhylxbwhithtbgaqspdvumnqwxr.jpg,1,0.9829913973808289
hhrnkmszodxwjwikxbsmcnbwrddvgd.jpg,0,0.0
vkjjfilcpywjfvlodndfeovjgvnmxt.jpg,1,0.9555123448371887
lfyovujiqapybinajxayjznpcehjts.jpg,0,0.01951122283935547
bszfernptnnwfktzdwxzpymffrfvtd.jpg,1,0.0
ggdhjmbpjmsypnhoygnjazxmmiajoi.jpg,0,0.02599024958908558
rvgcevyaokrqpeqrjizdmcqgffkwqb.jpg,0,0.02920406684279442
djzcaenuiuyjxjskpdwvsfoyffajpk.jpg,0,0.016439978033304214
prlpybipvnotlvwcapikjbcfyudycu.jpg,0,0.06977180391550064
repsmzcabcfwcpxwgrpsbhbqfeeegf.jpg,1,0.9450574517250061
lcqwzgqhokntxayegewyimaoivtoqm.jpg,1,0.0
gfnnwwospjgyqghrcbknsqjogxmiiv.jpg,1,0.42646217346191406
pqeivzspfovrzggycpqdwpgbqdhaty.png,1,0.9864521026611328
arklkremdlmwntimzthwdoyulrfwny.jpg,0,0.04811156541109085
dyptlmycbpowmtzaralzdgnxgozdlo.jpg,1,0.9967013001441956
ybzmqqlodkrvbcsghkjcxwdruopemb.jpg,0,0.0
hohsxxdwzmeqmcrpvnzmuooozbtvia.jpg,0,0.010489215143024921
sqaxzjmpycobmrweovtrzdtgmtmzni.jpg,1,0.9874922037124634
hsozemoydvjgwrrcjwczacsvvziofs.jpg,0,0.0891103446483612
dkmgufimutebgluihdujtpdyrpwsto.jpg,0,0.04705565422773361
jsunzhhoizlpdbzikcezigalacrvrz.jpg,1,0.9428268671035767
yofhmxuuokoslofrnscuunmtvvjclz.png,1,0.9779611825942993
cruutpydetlyxxnzfjkedebmqxawxh.jpg,0,0.44348597526550293
rftqcdlvfxatxhauwjymyodlmwqhfg.jpg,1,0.0
qzzmkojhpgzvkvqkaojqmuxyvmblpv.jpg,1,0.9960530996322632
zzvhkvgfjudiormxthpoglrmgvphgz.jpg,0,0.0
ovodrkrurbwedmjzbetggroiixdohe.jpg,1,0.9650347232818604
ylxeiydkcifgvqtjxslawmjtydssls.jpg,0,0.06877000629901886
ztkarwcdrtkcugmxfsrrqhrnvtfdwl.jpg,0,0.054120052605867386
pruszffxzorshwrtgdlwuatljbpbsc.jpg,1,0.0
bypdthgrbdszfzyxdhptlbgmxbueyj.jpg,0,0.0
kuvzssnqboopvvacenjfgzglajsfsk.jpg,0,0.03164469078183174
lbygnlteqjorvaydrxitimxooycnsg.png,1,0.8081861734390259
esnluvhtqidrmszlwleweibivslvrr.jpg,1,0.9599425792694092
astkaukqxmqjuyncgvwfzbydgbtlvg.jpg,0,0.4864208698272705
jwghapwjcmxmqiohoeavwpazwuvsqr.jpg,1,0.9595668315887451
acbcufgusmnchzbuiuxluaizkqvobc.jpg,0,0.7243656516075134
vtdmprftpswnzxwrgrucszdhsnehla.jpg,0,0.10208141058683395
vlaprkozrjwhwcdcbzzvlzleiagwlr.png,1,0.8543886542320251
zpfqpwuxxlpsshtufxtixxtivzbpfw.jpg,1,0.933462381362915
qfeygtqkgfdtbmunzdmaralauijizb.jpg,1,0.8972510099411011
hzbycyfzfvrybvbpvohglfbqmirtva.png,1,0.894257664680481
udrihxpesafdlhzdgdxyrkjwxluirs.jpg,1,0.0
ysbjqxmnejtmiwzlgqgtlnryleidye.jpg,0,0.053524620831012726
nsyuicacwfiabdxiadkdzregwcpaas.jpg,1,0.9877101182937622
cvkfdxcopqlrsadqmweypjtbmdsxab.jpg,0,0.0
hijxddncbcjlrtfnhxiiknslsottkh.jpg,0,0.0036677576135843992
ghrmrfrolhxyxvjxptjaiaixlbholy.jpg,0,0.01880584843456745
zkwxmjokrrqcphllpzccmpnxxxxwgl.jpg,1,0.9661219716072083
uckabtcfikfnyigvguvdsxjphbqixe.jpg,0,0.04174758866429329
zdjeqwahvijdfbomkmwasawuxbvlar.jpg,0,0.15698875486850739
svcdnpquqnpyvoclkewomjomiddkoh.jpg,0,0.012780743651092052
cgwdqwlcoccoxkgsojluuxxruomhfb.jpg,0,0.10382882505655289
muwaaudqjaipzexlmpbzindolmsaqx.png,1,0.8360525965690613
tgyqgaxokskjyrfzzhmwjhzjarggwn.jpg,1,0.9108603000640869
vatrstfzimhxetywhntyjsmxqaiurw.jpg,0,0.03766067698597908
plyrslrsvfagfuxmbxwywfacilbeox.jpg,1,0.9676157236099243
pwhssnwqwkabxzuxxozfapxsllqvva.jpg,0,0.0649976134300232
ozfxfueqfdwzhryxxflxjdvqmkhwqd.jpg,0,0.0
tgssmpuowujszxqpjvxgwyymzbkikx.jpg,0,0.008404286578297615
ajfldfzndyfdodmknemntrnnbmyjry.jpg,1,0.9572731852531433
fqoupwfhdrmccemzqoftmcsfqxmizt.jpg,1,0.98826664686203
blbabryszqrxysxftlqxqbpxowwxuc.jpg,0,0.014763301238417625
mfilemgdhvflelidqsradfkrvtqcmy.jpg,0,0.01552879810333252
pocrhzjbbeihsclqyybhdtrtbgfnyz.jpg,1,0.0
qmltykiislwklsklnzhcsrfsqwmaun.jpg,0,0.047805748879909515
jiglwqsexufypxdppnxrxpfknsdkio.jpg,1,0.8389382362365723
ncscpnthlkbkbrybjbklqlzkzstkid.jpg,1,0.9211477637290955
ehaiqgjrscawsjlalremwzcxmatnfk.png,1,0.78193598985672
xvuqpghikwtbkqktzotnqwmynfveii.jpg,0,0.015410292893648148
xednjuokdbmwqlxkkznahrkaikyjgr.jpg,1,0.0
sfntoccgyjyiyyuoodraaqrwetenzx.png,1,0.9841488003730774
aldgvqgvvubfsrpqadningpwdwwjji.jpg,1,0.8963287472724915
iegowhssjdoeqzatoxziigkwceyxzo.jpg,1,0.9723482728004456
kierltglisujqwjvbyljhpnhoclufb.jpg,1,0.9250032901763916
uxykipqshvpliunxlldynrpskpdzeu.png,1,0.9497272968292236
owuysehbrtkkrcgjaocjtjbqeidthp.jpg,0,0.0
cqdjlrayzabbezezeorfytdclhhsao.jpg,0,0.03427524492144585
ynqfdwpfaglatxhmsyhudkaobtjknj.jpg,0,0.10457493364810944
alcepsjrautrknnxxdnkraldhveert.jpg,0,0.01610795222222805
jqrajcokrrzcsedfkrkhzwwpdkamyq.jpg,1,0.0
pgcwnxabgnfyipgijoqipuobxoscct.jpg,1,0.0
susniwghkxvtakeqtoqgzqcrtbvayv.jpg,1,0.9544740319252014
ifxzqtqiynrhkoaqlpnuoosxksqxwz.jpg,0,0.024937082082033157
dmxiuglmblflcszviponrmqjtgvanx.jpg,0,0.013415784575045109
xnyzpubqutaneagsdiptpeyzjyjixh.jpg,0,0.11059397459030151
fjmhjzkfxneibvblroehhjvukxmbct.jpg,1,0.965865433216095
ahpuycvwilxiipkimwzumzvwtiegom.jpg,1,0.9465299844741821
ptuyanryjcvdnfwkuyyjzkriehsfnb.jpg,1,0.0
xrcnqqhbejambuvlwhikeznttypztu.jpg,1,0.9826064109802246
tvuhdlhawdfyoolgnlvjblmhlvhnod.jpg,0,0.0
upiguxxebyjkvclwydlyglewwlxods.jpg,0,0.0
pbrychhemdwfepmzxrpsrvqjwvjvec.jpg,0,0.012778506614267826
onyrjzzpcsvgfpgwminehgzddodtog.jpg,1,0.5798584222793579
tclvydvddkbjllhuwxdvffpmcjxuif.jpg,1,0.5189982056617737
mfwyldpbvertahbsahupvdzqeligit.jpg,0,0.18849815428256989
ljqwmijdoabltacwjmxpmfzqgrntni.jpg,1,0.8380514979362488
yxgrmdjqmsjmigzdpavsyuvkdxifrs.jpg,1,0.0
ljfoynumcuizbsbazmtcztwvqsiqks.jpg,0,0.05634719505906105
ozcpkmxublcrwkckedavpppxsflbyu.jpg,1,0.0
uxtsspzgfglzhdkpupxyjeqwjhkqua.jpg,0,0.0
rxkqkebkavbowtipumptjapqxilced.jpg,1,0.5900071263313293
pkqkhnmfzhfkuhqlmgsymsmkzdbojd.jpg,1,0.0
hfapbkmzaukgteyznxzekvlnopjtpl.jpg,1,0.0
pnjdzhbefitbhvmgitpnwriicqecha.jpg,0,0.0
wpicbsvbzhzohbcyqwnjmgsyogazme.jpg,1,0.9933308959007263
iijseyudfkzffnbewegaliecspsoje.jpg,0,0.0
cretuknwxxgomuvfyqxmufphbiomzm.jpg,0,0.027410905808210373
moaxnhyidgejhztzrwsgqdzdrrdpbn.jpg,0,0.025172801688313484
xjrypbpbkifvjwlfvzcrelfgjdntzi.jpg,0,0.08000805974006653
wqaiekszkxpmevwfsnulgqntawluld.jpg,0,0.04525860399007797
idbmqgfkfblfxyoapbogjfzoihsawu.jpg,1,0.0
lajbnufbsilkdlkzsrkjgvfhyielzq.jpg,0,0.038224756717681885
kifdcntkkexmcwemlwqludsfizurxi.jpg,1,0.08623482286930084
eodhtjbqngqohblzkawmgcdrejkxvm.jpg,1,0.9788146615028381
giigxikznzogtrwiqdlrgcdrhbndrp.jpg,1,0.9869874715805054
ahxmuirkfmvybugologcdxlconsfbs.jpg,1,0.9745422005653381
jlbgcutjfnyqsascrbcoofkcbhplxt.jpg,1,0.8019609451293945
ippggmhmertgtplyncbzjrpdwyzlux.jpg,1,0.8966667652130127
czbfqnlbawoxoekelhsqqeelermwqs.jpg,1,0.9158939719200134
vhgnqgtnkxleioqiuggdjktyawralu.jpg,1,0.9843282699584961
nfkiwtpchkbcfpcpryxdbfpnyodajh.jpg,1,0.8356340527534485
onfmgfqokbicypriidugbfhcxvdebb.jpg,0,0.005801294464617968
hfugennzaspblyszakjfezvwzgfnfp.jpg,0,0.0
fiqdcxovnvzymlxzrdahilaehlvwxt.jpg,0,0.0
rcrvbtptdmplhabjxrbrmxofgwcfck.jpg,0,0.0
bbnnirhwbpqrtjcxkdicxahpqepggl.jpg,1,0.986520528793335
buqtwduolgzpbaaonfaoljoxoijpqr.jpg,1,0.0
tgbhofyexzbzarosgoeeexspfurunn.png,1,0.9752283692359924
jalxzrotsgpawelahudtocqcacffqg.jpg,1,0.9295397400856018
iopyxvgfsnjpnezquqowpedwmesabx.jpg,0,0.05132785812020302
ajrloqosdahosahdgskiunbbgmzbnx.jpg,0,0.01160020474344492
ejlgvrdessutninowqefntjvkjifpe.jpg,1,0.3996971845626831
ecuptzpfygltduxkcfcdmuwgwgabpp.jpg,0,0.03994070738554001
dlwfjuarrbdhmyqmvivmigwogbrvve.jpg,1,0.0
mzlbcxmlhimlebosrmupyfdenxqpvv.jpg,1,0.9738860130310059
pkkcdqjewuwjmsgqukergsfsuazkfk.jpg,0,0.0
wugjycuvvnvdomsjvtpvotqsvhpeyp.jpg,1,0.0
ttuqxjhrmdqhppfxrbzgyciipwdxcf.jpg,1,0.9827485680580139
raajqptsfsvqiwornvrvxijlkxrfia.jpg,0,0.03468281775712967
nwtiibvwuhuhpxzitxjjdagnkfizlc.jpg,1,0.9824728965759277
zoazisfzdglshxfajmhqgkuwjaprqr.jpg,0,0.056831471621990204
wcztjsgjilvgcqrtjrmfcuccakrdpx.jpg,1,0.0
virwglzecaaogidwkiqeimdcsuyngq.jpg,1,0.7273359298706055
hgbhvmgchsixnirburjixmorloqwja.jpg,0,0.024029415100812912
xdovauzcyozonedjdnhyifihxzpzac.jpg,0,0.0
vqzhowagxtpegozkgtrhfiwdhwvjkn.jpg,0,0.07433659583330154
kppkvjvggvydwzeljpfqoeskemxvnp.jpg,0,0.03722589090466499
uvkgypcpwhxzecewisceyqvgqrlyry.jpg,0,0.0
ladmuplnxsmwnfkzjgcwxxiiwouduk.jpg,0,0.0
lkzeblenqbovljxpucpsufmprjxxqn.jpg,1,0.9952966570854187
gviiddyxzzxeahhufylmqigymemiar.jpg,0,0.042194925248622894
tjbvltdkyvpuhunuqriwulmgznviiq.jpg,0,0.02145981416106224
ggyhyjsskaumafaleouvuyscinpfyl.jpg,1,0.0
csuuwclepbakojtvhlplvxenlnqeob.jpg,0,0.015171698294579983
yyryzthcpgyiuurzmfwpgisjfmhvos.jpg,1,0.981940746307373
inrujatboubxctgxktbcqnuiemwrgm.jpg,0,0.08505550771951675
ahntiidispqylcvpooobbrdsimenol.jpg,1,0.0
dvrxczrzjwjgyqgfgegvhwnbhathms.jpg,0,0.042142484337091446
uqemxrpkidnoqugrinhsjfvxsftqeu.jpg,1,0.9626160860061646
yjhwtbrynmfyjvpnrixsjkhzwmuftc.jpg,0,0.0739230215549469
gqvlpcoulkstqqwwosnyykhlvxbwtg.jpg,1,0.0
ghmijyiesngyvgpegpucabzamjblhg.jpg,1,0.9790626764297485
fxvcfrxiuugxcrdvdbfnchmqnjohot.jpg,1,0.9907380938529968
tsywmjkganubokfzqluqvfvhjcnsbm.jpg,0,0.06170443072915077
hhzjziuzpzjalbviclpbecvjqrclee.jpg,0,0.053838253021240234
soymqxhbdybqmzvycolsgvkovdejvd.jpeg,0,0.0
lnrqzpgatuqropuueaczkgaypzrlgr.jpg,1,0.0
ngkiehguuxbazfouhoackfiuznglay.jpg,1,0.910236120223999
zlkljhorpizivmudyemiiewjfctlnz.jpg,1,0.9898395538330078
fcfxeivmcnzvbzjujnqfnyjripbhtc.jpg,1,0.7772006392478943
xhruirxirjxtuugrhhhumfbfslhhwy.jpg,1,0.0
jgzycszpnsyqhgdbcqbqeljhleryjv.jpg,1,0.0
qpuwejyllmynnmgmiyniudatsuqyaf.jpg,0,0.03819020837545395
vahmqzlbicjxilddkjgaefqmiugadu.jpg,1,0.0
knmagzinulmxsmpcbbjycblddpqzqp.jpg,0,0.12228886038064957
uskyagfjmtbmenfhohuyztpaacvdom.jpg,1,0.8693284392356873
trxvghnkpgqbreqgwhemptmpxvntso.jpg,1,0.8576247096061707
xrljzwedeqovuytckfwmmsbpwntwul.jpg,0,0.0696684941649437
lpjooozrbgoutstfqjmjjnmbfdhyxq.jpg,1,0.9706615805625916
tudduzwurtulrsbunhukztfhckewls.jpg,1,0.9382729530334473
lghflwzshvqnxymbaevpspfvpggsji.jpg,0,0.007817253470420837
kflxueojaerzuurnanzwjqconxmgvy.jpg,0,0.08810561150312424
soyhkxrqtufukyftfoiswmawjykygq.jpg,1,0.9645052552223206
qgydqdleqgzihizyafjulywlmqrkim.jpg,0,0.012285218574106693
ksbcapahwolfkcimlkyevqxcnexics.jpg,1,0.0
paznidqwjluzvcfwqwtbicfntnhoeq.jpg,0,0.06764990091323853
uhwkqxrhlnkpwowtxbesjfwzazhxxr.jpg,1,0.6987508535385132
xqrgtnwepjqcylazohkvbinrtudlns.jpg,0,0.3732062578201294
kyejdarnvtaediutwflhgfdadtwotu.jpg,0,0.03953992947936058
ybxkrinbuygrihovnjukchychbqpgx.jpg,1,0.0
mlmokfqnunuozvcadhcaijoxpwmgad.jpg,0,0.0413217768073082
ymeikcmamddmjabgygvrqpqiazgeaw.jpg,1,0.5292633771896362
ugqjoblxdhmbfgdlbgmpzorpuzhpaq.jpg,0,0.11702926456928253
kvmbftolilmezbrtktattngwlqxond.jpg,1,0.9544963240623474
dxulyaoosgkinkmpmnjukqyqzwvgtn.jpg,0,0.0
qnksbtbkdfclllfcbvowgrmqqdxlwl.jpg,0,0.01283893920481205
wsopsnkhekldjpjicfjdtgobrololv.jpg,1,0.9611611366271973
aciificrosunmvbdqgkbtchpzawkkq.jpg,0,0.05595456436276436
getiewdijstnrhqdfbogfcwalvcmen.jpg,0,0.03928210213780403
bdfsxxapztrhbmnjjxxrxpnhnuwzxk.jpg,0,0.15518489480018616
amzoxvltkojolnikxzssjykerbvsch.png,1,0.0
jfvibkctangesudfaldrvxfetrlqfj.jpg,0,0.08375714719295502
zdjatrddbybgtgzijtkiapbtpilvyi.png,1,0.7842155694961548
uwqxqtbugdixakfddfeofoycdynlzb.jpg,0,0.018081197515130043
ypsaowlspxltklyqbbvfqwohecbotw.jpg,1,0.8068899512290955
hdwjqqdkarrqltwnslvzarpzmbnvji.jpg,1,0.5938403606414795
qquptmatjkzxuwkiigrxxmmqgrkodv.jpg,0,0.060085371136665344
lvpociypogdmfiqxdsookchsiplbpz.jpg,0,0.026467470452189445
vgpyzlbqwlqaadfqbwjzlhejmtipwj.jpg,0,0.019080543890595436
xmsiyprvibhtotywnzzvgtkpsjxrrd.jpg,1,0.925094485282898
azkbnpwcbpgczhrrxakogdmhqlbzzd.jpg,1,0.9257718920707703
zypzolrfxrwpsnredtykrepzarfyic.jpg,0,0.055282603949308395
crpqcbskzewheohrtccujmzcpbibmo.jpg,0,0.012058822438120842
pvpwikrdhgtpmhbzqmlrjqzaygeayn.jpg,0,0.022386128082871437
cardhcxwgvssmxwbbusexerokdxwzc.png,1,0.0
xqjultlkywteeyuuxvtcfmrwqatbkd.jpg,0,0.019633514806628227
vbyadivqvhndajgtrtwznqindzqgju.jpg,0,0.023695163428783417
ihwakqdabfdfnixzvcmnqcjtpaevcl.jpg,0,0.014611323364078999
mgiqmswpfmmadfzcpgeinzqkswkdvh.jpg,0,0.0
mpqmbhaysqzjmfibhwygwngzfopnfu.jpg,1,0.0
uynxxfgvcjlgzdgqnllpudghxemaut.png,1,0.89275062084198
pmdborhabcjrdbdkhwiiezkmkzwnvz.jpg,0,0.0230474341660738
kmychspsemyvuwmmrpzatjqixkaylj.jpg,0,0.041004493832588196
jwliddyaqutvydqftfxgxzdmpyokii.jpg,0,0.02507094107568264
cqpkwmcvjustitisurvvxhguqkqlcm.jpg,0,0.0
onckvuntvxaqrotcibtmkgyhkmlfui.jpg,1,0.9841931462287903
vwogefxkinklwwskvbccplrerwduyb.jpg,1,0.9818852543830872
afmzqimbtnqmlobrcdmwrejtjqlcxf.png,1,0.963341474533081
kkkjkaheyowlmcjdtsnewomlijcerh.jpg,1,0.9893452525138855
ziuzufbanyqlkteylhzypvvgmkcans.jpg,1,0.0
nneqklgzypswfswxvxajouvovutrkw.png,1,0.9721335172653198
stsewrjwgukveafjkbzjljawezvuck.jpg,1,0.9934371113777161
nfabxlejvjjptbithckvmwxiyxrrhr.jpg,1,0.0
eiourdtjqltuzxrcniohobbxkfvmup.jpg,1,0.9466502666473389
dtrlwzntgfeyuzgelpgqzalycwterw.jpg,1,0.9746825098991394
gmfqxdujxlpwhdyhbpnczckmpdybfi.jpg,0,0.01890193112194538
yjrjgpdvfiheceeufyqnavkttlseyn.jpg,1,0.8251675367355347
xzmwloigjqhtpogryhhaercbsbayqn.jpg,1,0.9659392833709717
xthwtlmcujmnkrqpwocxlyqmocpeaj.jpg,1,0.0
iglbldmphntooxnjvfualqrmztimhj.jpg,1,0.976995587348938
yhwfqbloqnamhnayqbcbrqhpghliat.jpg,1,0.8873623609542847
ywsfuixhgjggbnivmbycttvricdmgz.jpg,0,0.036001306027173996
ibniuopkurdvevhnmseizirfivlkxr.jpg,0,0.02541341446340084
gdcoqmmdamygotimbpptsrdkfgncxr.jpg,0,0.0
kldmnfyleuehvuhrzcvzobrtkkzues.jpg,1,0.9432073831558228
qpylgrncyrmbzakbzfeiacilcnlycu.jpg,0,0.005413314327597618
gtzurjavpwvdfgkayjdynxafofdyia.jpg,1,0.9446284770965576
qhhbjztpiuxraspbwbypjjawhfafoi.jpg,0,0.08794289082288742
wagdixiqflnlkuokezsvstjglnnewh.jpg,1,0.9277279376983643
htcjckxbidoioufvtnbnhksovbxbuy.jpg,0,0.0
shjmagcpzcbzjvybzvgwatukbbaxpz.jpg,0,0.0
prabntxtvxhcprddkcjphkukjnhkqk.jpg,1,0.9770492911338806
vclmsjxnzxnycmysozzvofxmelueoy.jpg,0,0.020355965942144394
avonwanlpmjublxobnbelmbqlhyhfs.jpg,1,0.9746524095535278
wavcvmhtdtizmnguneqdgxmbtuqkxw.jpg,0,0.04832182824611664
tsdnumyxjxdtpmjzgsbuhaoibrbgur.jpg,0,0.19798459112644196
heqiaofffcburzidjsvkjwlbkddobm.jpg,1,0.9593732357025146
fixdgxhzcchvubfhadkvdfvefiohmc.jpg,0,0.02387821301817894
wrgixgvogbvrvrvslnkuweluxuqlwq.jpg,1,0.9568647146224976
ogzhvivlbwtjpilkrvnolqkndpwtod.jpg,0,0.03236963972449303
cfyvfdnelarfyxmouktgsoooweofva.jpg,0,0.029030587524175644
nafxvtltrsnzawzesvlhrhogoyhhhy.jpg,1,0.8226094841957092
xplnsocurfzjaqwmklwdrqhrfkkagk.jpg,0,0.07766686379909515
asxjlptqlncdhuwnrmitrnfibrwvnq.jpg,0,0.2223508358001709
kxfznbfvtkjmbxyfbqdsscmufgwero.jpg,0,0.09620040655136108
bzplufpvmvfbbmbpqrozifdlelvjcf.jpg,0,0.0
kviztjbqgksyakfnhtqrndymtxunwz.jpg,1,0.9750639796257019
gkxebviifcnfepepkzewerqlksciqa.jpg,0,0.020426414906978607
pgmrvereabkbbzludfomyvwnmegral.jpg,0,0.06007497385144234
cuyrcyiknlfplflhwhntqniyetqrdd.jpg,1,0.9885961413383484
vicsvtopykjpjxindgzidwuvncbygv.jpg,1,0.9781972765922546
vijkbvsrsmeurpxvwagjotamxlbrgk.jpg,1,0.0
bmipwwyounohgccldmwellfetufruq.jpg,1,0.8561500906944275
wxgzvierevhtojakpqfsrlfhaqjdbf.jpg,1,0.9859516620635986
coovnsfdkljilkmozibvtrrocukecq.jpg,1,0.9306147694587708
zxbxybrknsjnwvnzdoyvduxocvmhcy.jpg,0,0.03351450711488724
bumysvveeazrijrxjggemuksmzrnxo.jpg,1,0.9750778079032898
lxzynbetcyiklhdyzzmccnphmutysh.jpg,1,0.9911372661590576
eaxmwpspgnifqyfwbzbocbzhnvgyzo.jpg,0,0.12524005770683289
acrbwwcknudlvwfjvfbreeatynhfov.jpg,0,0.0
ofpvlsvfmxdlakaztvzwwdegjvdofc.jpg,1,0.980105459690094
tjpvlyiyhycyouaxgnvyimsvolrequ.jpg,1,0.9607499837875366
lnfpehvsapfzlwgnlvtfhsgivvuena.jpg,0,0.011758317239582539
khtbxzclczktnqchxmxfvegnyikmqi.jpg,0,0.0243343785405159
xfjcfajxezguwihtaskxrekkfuhmzv.jpg,1,0.9872466325759888
pmsrgfqsvkwejgxorxgepvewttdxkr.jpg,0,0.07066110521554947
oxwdopunokwctggrbwuloaqxynuqkl.jpg,0,0.0
jksxjzngyhlhjwmohzjijnqwvgpvtx.png,1,0.7515885829925537
bbjxnuqmvboqpfkaphzvtzsocoyxri.jpg,1,0.9884012937545776
npflwmbacyzuopbqgqpxeaghyajzer.jpg,1,0.9530154466629028
eeqwbaulsufnzyosiyusetoxjpnkvn.jpg,0,0.013187522999942303
qwcvcqgdcauspyspzvmkremawkbxrl.jpg,0,0.0
ljqzxpjalisyoqanegsoibspydzays.jpg,0,0.011157963424921036
jmqwkyiohzkarrxwjmirgzppjotjxa.jpg,0,0.705554187297821
cjudleddqmenoqztjyfirsrzlctcgn.png,1,0.8605372905731201
fdvsetdagdudjtstnbcxbcbqkvfygm.jpg,1,0.0
anucwhkyyhlkxnlbkmuqnxqmxsbhta.png,1,0.9589070677757263
rcpyoocumwfiezbebdyxrkapachagw.jpg,1,0.9093012809753418
qcintklpahsyflzcrevzlsmptelpaw.jpg,1,0.0
rqzcwasesgqerafyzxxidrmpzvdynk.jpg,0,0.0
lspfjglbboetoxthhqeevxsyvdoryz.jpg,1,0.7897071838378906
zbjsdulisnypinpppprwsqhdiyvvom.jpg,0,0.0
cjwpnfekhljhtuetdninpdgeqdewqi.jpg,1,0.9569398164749146
wqbxzcyqmqwpmwrzufwehothqavhtx.jpg,0,0.1697983294725418
qawjsxxbmzgsmedxrvzhvahwrcyglb.jpg,1,0.9165434241294861
iucvpgkqcgqthrcuwpdbakseqdebkg.jpg,0,0.04768632352352142
mxsarhinfukeiggfwdtntwxuwxkjsv.png,1,0.0
aubccvelyliywpqzgdpwypbivlksph.jpg,0,0.02683393657207489
nbsqacezbxfjxusnfjxrukaesvsaew.jpg,0,0.07494126260280609
kilmfvixgbyinjaarumtpryqvqvluw.jpg,0,0.021090079098939896
jdluhmkgwrndcbpakuejejgozwnhrk.jpg,1,0.943191647529602
ephswqkcpeioizkuebvyoryzafttzl.jpg,0,0.0
udkthuomyvqkftcqdheuesblkejojp.jpg,0,0.04941798746585846
hiwgxsnpmjqzbprcwidavwhtgpaldv.jpg,1,0.8228453397750854
xbfsgrgojkffhirxtovumcugujpjvx.JPG,1,0.4143025279045105
asdkvskkjtxzuedzaecwnqblbcorxa.jpg,0,0.11076829582452774
bzrmghogcsqxrnyseupryqumtlklqf.jpg,0,0.0482022725045681
akyftmgsubfqvneoxaoclhwwvtfbjs.jpg,0,0.013267499394714832
xxudpdlmzoqwbggnklivwrephxqgue.jpg,1,0.9863117337226868
pigxwyovpnuqyjahjpvyorgxhbighr.jpeg,0,0.5277381539344788
ziagkgwltrjkrjvbbpnzctjefiiskg.jpg,0,0.3538232147693634
hhvcwwflndvijdhxmkfuyjnclnbbzr.jpg,1,0.9639713764190674
fviuatnyidoogxihohcslvxjsvqbrr.jpg,0,0.01149679534137249
hqkiscewcaqppiyjjuksivjwliehhb.jpg,0,0.011736816726624966
ckofltoqmzivjbakehrnhycvqblhqt.jpg,0,0.017792902886867523
uzolgnfpdfgmgrdcbpoqlpqcrqpwkf.jpg,1,0.0
zbbcssleemhzlzcmgjwyufhugdrwko.jpg,1,0.0
ymzylicduucrjolqeskcegusxlvyoe.jpg,0,0.07790248841047287
vmsoqgjprcjtnfjoatgxdpjooxunty.jpg,0,0.031556300818920135
sdjvggdwhfxqtxjgkcxxdquukvvsxa.jpg,0,0.008184665814042091
libzmjtyslyixbupphdsmjnidmnuhu.jpg,1,0.6387537717819214
qifbuefbcygcvnkykacoouejurpzxh.jpg,1,0.9945236444473267
fzzerkfxkskldmdivgqwytijtcgncv.jpg,0,0.17880162596702576
fwuxbadfizrgicahpdyzrdtcessmju.jpg,0,0.14934448897838593
sgkacszfbqctjvnpsuzgqqvpoytpyg.jpg,1,0.9529915452003479
ivhlscxcvysnkxhyhmadxjlsdksoxq.jpg,1,0.7348853349685669
iavowbmvkaaadzalntnrfyuwjclcyq.jpg,1,0.8561542630195618
bnefzpazanzhkwwqmkqfrwejnfrylo.jpg,1,0.9419245719909668
qgdigudffnrtrqvwvdaumurochpnhg.png,1,0.9052445292472839
msiigywzihqnqtrdcsdkdzpgeyylyl.jpg,0,0.30551406741142273
iqpzuodtnmpojwmknnqzqojsrmpvfi.jpg,0,0.16102688014507294
ymxaxlvgfgpohgbxezmtidtmoukirx.jpg,1,0.982018232345581
ufcmpdppruoridsesqcdoodwkybdtr.jpg,0,0.03879609331488609
xynjzgadtivwpzihfeputzfhesxyjv.jpg,0,0.06536849588155746
jaiwdfbuaeqthiprtardkqpeujhzfg.png,1,0.9617797136306763
ccirxsmowrnvtbuuwfxzbilufxhmxg.png,1,0.7982789874076843
jgpxinvsgafzqzgqcanyiorxkrxohm.jpg,0,0.14302022755146027
bfzywqezzscawfjsygusklocmwifue.jpg,1,0.7504067420959473
ntmeirfkhiktgyzyegesnlqrsgmbsf.jpg,0,0.056367453187704086
kudirqrbnyrkjtlbrtlvqerreevrgp.jpg,1,0.7216172814369202
lbiqrmksaxzxrzlebhqldmcptalxtd.jpg,1,0.9185847640037537
ysrcoczwayzltiuzsuujcczvnqancc.jpg,0,0.09516128897666931
cxxmnqdjxblkxkojspbzdgeoybkyxu.jpg,1,0.9535975456237793
bepkxvwpehwdzhpqsminxiiusoitjo.jpg,1,0.9888725876808167
pjkrbkhrpyvmcyzafzpeddwewhdqsn.jpg,0,0.0
sewpbsyvoslfvuefcbhbaamxdaknht.jpg,0,0.15449178218841553
kdrbotkekmhedwikwlnwcrunggyzmx.jpg,1,0.9663733839988708
llzvwiafucclynnqdfdelujavtdbku.jpg,1,0.0
uippqurtssjhoshshyeiccweauxnsm.jpg,0,0.10168571025133133
ngtxibxbbumuamptuptfiufsdbqtpt.jpg,1,0.9765161871910095
rwmfodrxakkcyyulinfjpgaroaewbg.jpg,1,0.8982121348381042
kpcznzbgvgwliaqhkcrwsusssykqvs.jpg,1,0.0
dunxkrdrwflfehxmvrbyewkyxecctu.jpg,1,0.0
zztsdlnwthvfwwtwwuqskyssodjcib.jpg,1,0.9466030597686768
dugilrfchbpvfsbojwitoywjprqqnp.jpg,1,0.9408999085426331
udwpugycasnjnievqfcquptzxoonuy.jpg,0,0.014243648387491703
hxjwafskxmlfaotwaklzuwuccsbxfu.jpg,0,0.08536168187856674
oyodauphffgmzmvqlykcfvmyxartok.jpg,1,0.9495528340339661
uppvtemhkneqggtbfubeccqjvyefiw.png,1,0.9198662638664246
mzjjvzkzvqmyukzsegtoktaslejcdz.jpg,0,0.8515403866767883
dbjdjyhnbvblwhhnfzaahzhdezbbib.jpg,0,0.028402702882885933
